Workbook

Sheet Conduite
B2: Registre des habilitations : Conduite (CL ,CTR et CRMV) | J2: EPTC KENITRA
B4: L'habilitation est valable pour une durée supérieure à un mois. | C4: ✅ | D4: L'habilitation est valable pour une durée inférieure à un mois. | F4: ⚠️ | G4: L'habilitation est expirée. | H4: ⛔️
B6: Collaborateur | F6: La validité de l'habilitation | I6: Âge | M6: Périmètre d'habilitation | P6: Aptitude physique (VM) | U6: Aptitude psychologique | Z6: Aptitude Professionnelle
B7: Nom /Prénom | C7: Matricule | D7: Résidence | E7: Date d'autorisation | F7: Validité | G7: Date d'expiration | H7: Motif | I7: Date naissance | J7: Âge actuel | K7: Âge Fin 25 | L7: Âge Fin 26 | M7: Fonction | N7: Engin | O7: Ligne / Site | P7: Dernière VM | Q7: Résultat/Obs | R7: Âge_dernière VM | S7: Périodicité VM | T7: Date prochaine VM | U7: Dernier Psy | V7: Résultat/Obs | W7: Âge_dernier Psy | X7: Périodicité Psy | Y7: Date prochain Psy | Z7: Dernière évaluation | AA7: Résultat /Obs | AB7: Date prochaine évaluation | AC7: Colonne1 | AD7: Colonne2
B8: ABDELMALEK ABOUBAKR | C8: 42685P | D8: Kénitra | F8: =IF(Tableau3[[#This Row],[Date d''expiration ]]>TODAY()+31,"✅",IF(Tableau3[[#This Row],[Date d''expiration ]]> TODAY()+1, "⚠️","⛔️")) -> ✅ | G8: =MIN(T8,Y8,AB8) -> 46311 | H8: =IF( Tableau3[[#This Row],[Date d''expiration ]]>TODAY(),"Néant","Cas à justifier") -> Néant | I8: 31590 | J8: =YEARFRAC(I8,TODAY(),1) -> 40.195058 | K8: =YEARFRAC(I8,RG_DRH_S1_008!$E$4,1) -> 39.512663 | L8: =YEARFRAC(I8,RG_DRH_S1_008!$E$5,1) -> 40.512654 | M8: Conducteur de ligne | N8: E1450, E1400, E1300, E1250 | O8: Casa-Kenitra, Casa-Tanger , Casa-Marrakech, Fès - Casa | P8: 46197 | Q8: Apte classe 1 | R8: =YEARFRAC(I8,P8,1) -> 39.992454 | S8: =IF(L8<40,"4",IF(L8<50,"3",IF(L8<55,IF(Tableau3[[#This Row],[Fonction]]="Conducteur de ligne","2","3"),"1"))) -> 3 | T8: =EDATE(P8, (12*S8)) -> 47293 | U8: 45628 | V8: FAVORABLE MAINT | W8: =YEARFRAC(I8,U8,1) -> 38.433275 | X8: =IF(L8<40,"4",IF(L8<55,"3",IF(Tableau3[[#This Row],[Fonction]]="conducteur de ligne","1","2"))) -> 3 | Y8: =EDATE(U8, (12*X8)) -> 46723 | Z8: 45946 | AA8: =IF(Tableau3[[#This Row],[Date prochaine évaluation]]> TODAY(),"Réussi","Examen expiré") -> Réussi | AB8: =EDATE(Z8, 12) -> 46311 | AC8: =EDATE(AA8, 12) -> #VALUE!
B9: AFIF YASSINE | C9: 45395R | D9: Kénitra | F9: =IF(Tableau3[[#This Row],[Date d''expiration ]]>TODAY()+31,"✅",IF(Tableau3[[#This Row],[Date d''expiration ]]> TODAY()+1, "⚠️","⛔️")) -> ✅ | G9: =MIN(T9,Y9,AB9) -> 46494 | H9: =IF( Tableau3[[#This Row],[Date d''expiration ]]>TODAY(),"Néant","Cas à justifier") -> Néant | I9: 34164 | J9: =YEARFRAC(I9,TODAY(),1) -> 33.148494 | K9: =YEARFRAC(I9,RG_DRH_S1_008!$E$4,1) -> 32.466108 | L9: =YEARFRAC(I9,RG_DRH_S1_008!$E$5,1) -> 33.466098 | M9: Conducteur de ligne | N9: E1450, E1400 | O9: Casa-Kenitra, Casa-Tanger , Casa-Marrakech, Fès - Casa | P9: 45831 | Q9: Apte classe 1 | R9: =YEARFRAC(I9,P9,1) -> 31.943168 | S9: =IF(L9<40,"4",IF(L9<50,"3",IF(L9<55,IF(Tableau3[[#This Row],[Fonction]]="Conducteur de ligne","2","3"),"1"))) -> 4 | T9: =EDATE(P9, (12*S9)) -> 47292 | U9: 45033 | V9: FAVORABLE MAINT | W9: =YEARFRAC(I9,U9,1) -> 29.759671 | X9: =IF(L9<40,"4",IF(L9<55,"3",IF(Tableau3[[#This Row],[Fonction]]="conducteur de ligne","1","2"))) -> 4 | Y9: =EDATE(U9, (12*X9)) -> 46494 | Z9: 46206 | AA9: =IF(Tableau3[[#This Row],[Date prochaine évaluation]]> TODAY(),"Réussi","Examen expiré") -> Réussi | AB9: =EDATE(Z9, 12) -> 46571 | AC9: =EDATE(AA9, 12) -> #VALUE!
B10: ALIKY LAHCEN | C10: 42690X | D10: Kénitra | F10: =IF(Tableau3[[#This Row],[Date d''expiration ]]>TODAY()+31,"✅",IF(Tableau3[[#This Row],[Date d''expiration ]]> TODAY()+1, "⚠️","⛔️")) -> ✅ | G10: =MIN(T10,Y10,AB10) -> 46313 | H10: =IF( Tableau3[[#This Row],[Date d''expiration ]]>TODAY(),"Néant","Cas à justifier") -> Néant | I10: 30812 | J10: =YEARFRAC(I10,TODAY(),1) -> 42.323762 | K10: =YEARFRAC(I10,RG_DRH_S1_008!$E$4,1) -> 41.641353 | L10: =YEARFRAC(I10,RG_DRH_S1_008!$E$5,1) -> 42.641347 | M10: Conducteur de ligne | N10: Z2M, E1300, E1250, E1400, E1450 | O10: Casa-Kenitra, Casa-Tanger , Casa-Marrakech, Fès - Casa | P10: 46062 | Q10: Apte classe 1 | R10: =YEARFRAC(I10,P10,1) -> 41.75156 | S10: =IF(L10<40,"4",IF(L10<50,"3",IF(L10<55,IF(Tableau3[[#This Row],[Fonction]]="Conducteur de ligne","2","3"),"1"))) -> 3 | T10: =EDATE(P10, (12*S10)) -> 47158 | U10: 45379 | V10: FAVORABLE MAINT | W10: =YEARFRAC(I10,U10,1) -> 39.880275 | X10: =IF(L10<40,"4",IF(L10<55,"3",IF(Tableau3[[#This Row],[Fonction]]="conducteur de ligne","1","2"))) -> 3 | Y10: =EDATE(U10, (12*X10)) -> 46474 | Z10: 45948 | AA10: =IF(Tableau3[[#This Row],[Date prochaine évaluation]]> TODAY(),"Réussi","Examen expiré") -> Réussi | AB10: =EDATE(Z10, 12) -> 46313 | AC10: =EDATE(AA10, 12) -> #VALUE!
B11: ASDA NOUREDDINE | C11: 44775D | D11: Kénitra | F11: =IF(Tableau3[[#This Row],[Date d''expiration ]]>TODAY()+31,"✅",IF(Tableau3[[#This Row],[Date d''expiration ]]> TODAY()+1, "⚠️","⛔️")) -> ✅ | G11: =MIN(T11,Y11,AB11) -> 46482 | H11: =IF( Tableau3[[#This Row],[Date d''expiration ]]>TODAY(),"Néant","Cas à justifier") -> Néant | I11: 34183 | J11: =YEARFRAC(I11,TODAY(),1) -> 33.096473 | K11: =YEARFRAC(I11,RG_DRH_S1_008!$E$4,1) -> 32.414088 | L11: =YEARFRAC(I11,RG_DRH_S1_008!$E$5,1) -> 33.414076 | M11: Conducteur de ligne | N11: E1450, E1400, Z2M | O11: Fès - Casa, Casa-Kenitra, Casa-Tanger , Casa-Marrakech, Casa-Eljadida | P11: 45021 | Q11: Apte classe 1 | R11: =YEARFRAC(I11,P11,1) -> 29.674792 | S11: =IF(L11<40,"4",IF(L11<50,"3",IF(L11<55,IF(Tableau3[[#This Row],[Fonction]]="Conducteur de ligne","2","3"),"1"))) -> 4 | T11: =EDATE(P11, (12*S11)) -> 46482 | U11: 45982 | V11: FAVORABLE MAINT | W11: =YEARFRAC(I11,U11,1) -> 32.304571 | X11: =IF(L11<40,"4",IF(L11<55,"3",IF(Tableau3[[#This Row],[Fonction]]="conducteur de ligne","1","2"))) -> 4 | Y11: =EDATE(U11, (12*X11)) -> 47443 | Z11: 46145 | AA11: =IF(Tableau3[[#This Row],[Date prochaine évaluation]]> TODAY(),"Réussi","Examen expiré") -> Réussi | AB11: =EDATE(Z11, 12) -> 46510 | AC11: =EDATE(AA11, 12) -> #VALUE!
B12: AYATE OUTMANE | C12: 43692N | D12: Kénitra | F12: =IF(Tableau3[[#This Row],[Date d''expiration ]]>TODAY()+31,"✅",IF(Tableau3[[#This Row],[Date d''expiration ]]> TODAY()+1, "⚠️","⛔️")) -> ✅ | G12: =MIN(T12,Y12,AB12) -> 46343 | H12: =IF( Tableau3[[#This Row],[Date d''expiration ]]>TODAY(),"Néant","Cas à justifier") -> Néant | I12: 32263 | J12: =YEARFRAC(I12,TODAY(),1) -> 38.351141 | K12: =YEARFRAC(I12,RG_DRH_S1_008!$E$4,1) -> 37.668732 | L12: =YEARFRAC(I12,RG_DRH_S1_008!$E$5,1) -> 38.668726 | M12: Conducteur de ligne | N12: E1450, E1400, E1300, E1250 | O12: Casa-Kenitra, Casa-Tanger , Casa-Marrakech, Fès - Casa | P12: 45776 | Q12: Apte classe 1 | R12: =YEARFRAC(I12,P12,1) -> 36.995245 | S12: =IF(L12<40,"4",IF(L12<50,"3",IF(L12<55,IF(Tableau3[[#This Row],[Fonction]]="Conducteur de ligne","2","3"),"1"))) -> 4 | T12: =EDATE(P12, (12*S12)) -> 47237 | U12: 45775 | V12: FAVORABLE MAINT | W12: =YEARFRAC(I12,U12,1) -> 36.992507 | X12: =IF(L12<40,"4",IF(L12<55,"3",IF(Tableau3[[#This Row],[Fonction]]="conducteur de ligne","1","2"))) -> 4 | Y12: =EDATE(U12, (12*X12)) -> 47236 | Z12: 45978 | AA12: =IF(Tableau3[[#This Row],[Date prochaine évaluation]]> TODAY(),"Réussi","Examen expiré") -> Réussi | AB12: =EDATE(Z12, 12) -> 46343 | AC12: =EDATE(AA12, 12) -> #VALUE!
B13: AZEROUAL BRAHIM | C13: 44295G | D13: Kénitra | F13: =IF(Tableau3[[#This Row],[Date d''expiration ]]>TODAY()+31,"✅",IF(Tableau3[[#This Row],[Date d''expiration ]]> TODAY()+1, "⚠️","⛔️")) -> ✅ | G13: =MIN(T13,Y13,AB13) -> 46468 | H13: =IF( Tableau3[[#This Row],[Date d''expiration ]]>TODAY(),"Néant","Cas à justifier") -> Néant | I13: 33826 | J13: =YEARFRAC(I13,TODAY(),1) -> 34.071887 | K13: =YEARFRAC(I13,RG_DRH_S1_008!$E$4,1) -> 33.389484 | L13: =YEARFRAC(I13,RG_DRH_S1_008!$E$5,1) -> 34.389471 | M13: Conducteur de ligne | N13: E1450, E1400, Z2M | O13: Casa-Kenitra, Casa-Tanger , Casa-Marrakech, Fès - Casa | P13: 45167 | Q13: Apte classe 1 | R13: =YEARFRAC(I13,P13,1) -> 31.049966 | S13: =IF(L13<40,"4",IF(L13<50,"3",IF(L13<55,IF(Tableau3[[#This Row],[Fonction]]="Conducteur de ligne","2","3"),"1"))) -> 4 | T13: =EDATE(P13, (12*S13)) -> 46628 | U13: 45167 | V13: FAVORABLE MAINT | W13: =YEARFRAC(I13,U13,1) -> 31.049966 | X13: =IF(L13<40,"4",IF(L13<55,"3",IF(Tableau3[[#This Row],[Fonction]]="conducteur de ligne","1","2"))) -> 4 | Y13: =EDATE(U13, (12*X13)) -> 46628 | Z13: 46103 | AA13: =IF(Tableau3[[#This Row],[Date prochaine évaluation]]> TODAY(),"Réussi","Examen expiré") -> Réussi | AB13: =EDATE(Z13, 12) -> 46468 | AC13: =EDATE(AA13, 12) -> #VALUE!
B14: BELHAOUZI ALAE EDDINE | C14: 43417L | D14: Kénitra | F14: =IF(Tableau3[[#This Row],[Date d''expiration ]]>TODAY()+31,"✅",IF(Tableau3[[#This Row],[Date d''expiration ]]> TODAY()+1, "⚠️","⛔️")) -> ✅ | G14: =MIN(T14,Y14,AB14) -> 46336 | H14: =IF( Tableau3[[#This Row],[Date d''expiration ]]>TODAY(),"Néant","Cas à justifier") -> Néant | I14: 32487 | J14: =YEARFRAC(I14,TODAY(),1) -> 37.737873 | K14: =YEARFRAC(I14,RG_DRH_S1_008!$E$4,1) -> 37.055476 | L14: =YEARFRAC(I14,RG_DRH_S1_008!$E$5,1) -> 38.055458 | M14: Conducteur de ligne | N14: Z2M | O14: Casa-Kenitra | P14: 45845 | Q14: Apte classe 1 | R14: =YEARFRAC(I14,P14,1) -> 36.570893 | S14: =IF(L14<40,"4",IF(L14<50,"3",IF(L14<55,IF(Tableau3[[#This Row],[Fonction]]="Conducteur de ligne","2","3"),"1"))) -> 4 | T14: =EDATE(P14, (12*S14)) -> 47306 | U14: 45594 | V14: FAVORABLE MAINT | W14: =YEARFRAC(I14,U14,1) -> 35.883019 | X14: =IF(L14<40,"4",IF(L14<55,"3",IF(Tableau3[[#This Row],[Fonction]]="conducteur de ligne","1","2"))) -> 4 | Y14: =EDATE(U14, (12*X14)) -> 47055 | Z14: 45971 | AA14: =IF(Tableau3[[#This Row],[Date prochaine évaluation]]> TODAY(),"Réussi","Examen expiré") -> Réussi | AB14: =EDATE(Z14, 12) -> 46336 | AC14: =EDATE(AA14, 12) -> #VALUE!
B15: BENHIDA KHALIL | C15: 43992X | D15: Kénitra | F15: =IF(Tableau3[[#This Row],[Date d''expiration ]]>TODAY()+31,"✅",IF(Tableau3[[#This Row],[Date d''expiration ]]> TODAY()+1, "⚠️","⛔️")) -> ⛔️ | G15: =MIN(T15,Y15,AB15) -> 46038 | H15: ENCADRANT DE CONDUITE | I15: 33476 | J15: =YEARFRAC(I15,TODAY(),1) -> 35.030801 | K15: =YEARFRAC(I15,RG_DRH_S1_008!$E$4,1) -> 34.348404 | L15: =YEARFRAC(I15,RG_DRH_S1_008!$E$5,1) -> 35.348392 | M15: ENCADRANT DE CONDUITE | N15: Z2M, E1400, E1450 | O15: Casa-Kenitra, Casa-Tanger , Casa-Marrakech, Fès - Casa | P15: 45630 | Q15: Apte classe 1 | R15: =YEARFRAC(I15,P15,1) -> 33.274499 | S15: =IF(L15<40,"4",IF(L15<50,"3",IF(L15<55,IF(Tableau3[[#This Row],[Fonction]]="Conducteur de ligne","2","3"),"1"))) -> 4 | T15: =EDATE(P15, (12*S15)) -> 47091 | U15: 44966 | V15: FAVORABLE MAINT | W15: =YEARFRAC(I15,U15,1) -> 31.458558 | X15: =IF(L15<40,"4",IF(L15<55,"3",IF(Tableau3[[#This Row],[Fonction]]="conducteur de ligne","1","2"))) -> 4 | Y15: =EDATE(U15, (12*X15)) -> 46427 | Z15: 45673 | AA15: =IF(Tableau3[[#This Row],[Date prochaine évaluation]]> TODAY(),"Réussi","Examen expiré") -> Examen expiré | AB15: =EDATE(Z15, 12) -> 46038 | AC15: =EDATE(AA15, 12) -> #VALUE!
B16: BILOUL MOHAMED | C16: 45022Y | D16: Kénitra | F16: =IF(Tableau3[[#This Row],[Date d''expiration ]]>TODAY()+31,"✅",IF(Tableau3[[#This Row],[Date d''expiration ]]> TODAY()+1, "⚠️","⛔️")) -> ⛔️ | G16: =MIN(T16,Y16,AB16) -> 45742 | I16: 35023 | J16: =YEARFRAC(I16,TODAY(),1) -> 30.795346 | K16: =YEARFRAC(I16,RG_DRH_S1_008!$E$4,1) -> 30.112956 | L16: =YEARFRAC(I16,RG_DRH_S1_008!$E$5,1) -> 31.112936 | M16: Conducteur de ligne | N16: E1450, E1400 | O16: Casa-Kenitra, Casa-Tanger , Casa-Marrakech, Fès - Casa | P16: 45938 | Q16: Apte classe 1 | R16: =YEARFRAC(I16,P16,1) -> 29.882982 | S16: =IF(L16<40,"4",IF(L16<50,"3",IF(L16<55,IF(Tableau3[[#This Row],[Fonction]]="Conducteur de ligne","2","3"),"1"))) -> 4 | T16: =EDATE(P16, (12*S16)) -> 47399 | U16: 45938 | V16: FAVORABLE MAINT | W16: =YEARFRAC(I16,U16,1) -> 29.882982 | X16: =IF(L16<40,"4",IF(L16<55,"3",IF(Tableau3[[#This Row],[Fonction]]="conducteur de ligne","1","2"))) -> 4 | Y16: =EDATE(U16, (12*X16)) -> 47399 | Z16: 45377 | AA16: =IF(Tableau3[[#This Row],[Date prochaine évaluation]]> TODAY(),"Réussi","Examen expiré") -> Examen expiré | AB16: =EDATE(Z16, 12) -> 45742 | AC16: =EDATE(AA16, 12) -> #VALUE!
B17: BOUSSOUAR ANASS | C17: 45277B | D17: Kénitra | F17: =IF(Tableau3[[#This Row],[Date d''expiration ]]>TODAY()+31,"✅",IF(Tableau3[[#This Row],[Date d''expiration ]]> TODAY()+1, "⚠️","⛔️")) -> ⛔️ | G17: =MIN(T17,Y17,AB17) -> 46153 | H17: =IF( Tableau3[[#This Row],[Date d''expiration ]]>TODAY(),"Néant","Cas à justifier") -> Cas à justifier | I17: 34513 | J17: =YEARFRAC(I17,TODAY(),1) -> 32.192317 | K17: =YEARFRAC(I17,RG_DRH_S1_008!$E$4,1) -> 31.509925 | L17: =YEARFRAC(I17,RG_DRH_S1_008!$E$5,1) -> 32.509915 | M17: Conducteur de ligne | N17: E1450, E1400 | O17: Casa-Kenitra, Casa-Tanger , Casa-Marrakech, Fès - Casa | P17: 45537 | Q17: Apte classe 1 | R17: =YEARFRAC(I17,P17,1) -> 30.181401 | S17: =IF(L17<40,"4",IF(L17<50,"3",IF(L17<55,IF(Tableau3[[#This Row],[Fonction]]="Conducteur de ligne","2","3"),"1"))) -> 4 | T17: =EDATE(P17, (12*S17)) -> 46998 | U17: 44873 | V17: FAVORABLE MAINT | W17: =YEARFRAC(I17,U17,1) -> 28.364804 | X17: =IF(L17<40,"4",IF(L17<55,"3",IF(Tableau3[[#This Row],[Fonction]]="conducteur de ligne","1","2"))) -> 4 | Y17: =EDATE(U17, (12*X17)) -> 46334 | Z17: 45788 | AA17: =IF(Tableau3[[#This Row],[Date prochaine évaluation]]> TODAY(),"Réussi","Examen expiré") -> Examen expiré | AB17: =EDATE(Z17, 12) -> 46153 | AC17: =EDATE(AA17, 12) -> #VALUE!
B18: CHAOUI OUSSAMA | C18: 45024A | D18: Kénitra | F18: =IF(Tableau3[[#This Row],[Date d''expiration ]]>TODAY()+31,"✅",IF(Tableau3[[#This Row],[Date d''expiration ]]> TODAY()+1, "⚠️","⛔️")) -> ✅ | G18: =MIN(T18,Y18,AB18) -> 46430 | H18: =IF( Tableau3[[#This Row],[Date d''expiration ]]>TODAY(),"Néant","Cas à justifier") -> Néant | I18: 35797 | J18: =YEARFRAC(I18,TODAY(),1) -> 28.676926 | K18: =YEARFRAC(I18,RG_DRH_S1_008!$E$4,1) -> 27.994524 | L18: =YEARFRAC(I18,RG_DRH_S1_008!$E$5,1) -> 28.994524 | M18: Conducteur de ligne | N18: E1450, E1400, Z2M | O18: Casa-Kenitra, Casa-Tanger , Casa-Marrakech, Fès - Casa | P18: 45649 | Q18: Apte classe 1 | R18: =YEARFRAC(I18,P18,1) -> 26.972622 | S18: =IF(L18<40,"4",IF(L18<50,"3",IF(L18<55,IF(Tableau3[[#This Row],[Fonction]]="Conducteur de ligne","2","3"),"1"))) -> 4 | T18: =EDATE(P18, (12*S18)) -> 47110 | U18: 45897 | V18: FAVORABLE MAINT | W18: =YEARFRAC(I18,U18,1) -> 27.652293 | X18: =IF(L18<40,"4",IF(L18<55,"3",IF(Tableau3[[#This Row],[Fonction]]="conducteur de ligne","1","2"))) -> 4 | Y18: =EDATE(U18, (12*X18)) -> 47358 | Z18: 46065 | AA18: =IF(Tableau3[[#This Row],[Date prochaine évaluation]]> TODAY(),"Réussi","Examen expiré") -> Réussi | AB18: =EDATE(Z18, 12) -> 46430 | AC18: =EDATE(AA18, 12) -> #VALUE!
B19: CHOULI SOUFIANE | C19: 44007N | D19: Kénitra | F19: =IF(Tableau3[[#This Row],[Date d''expiration ]]>TODAY()+31,"✅",IF(Tableau3[[#This Row],[Date d''expiration ]]> TODAY()+1, "⚠️","⛔️")) -> ⛔️ | G19: =MIN(T19,Y19,AB19) -> 46159 | H19: =IF( Tableau3[[#This Row],[Date d''expiration ]]>TODAY(),"Néant","Cas à justifier") -> Cas à justifier | I19: 34027 | J19: =YEARFRAC(I19,TODAY(),1) -> 33.523595 | K19: =YEARFRAC(I19,RG_DRH_S1_008!$E$4,1) -> 32.841201 | L19: =YEARFRAC(I19,RG_DRH_S1_008!$E$5,1) -> 33.841198 | M19: Conducteur de ligne | N19: E1450, E1400, Z2M | O19: Casa-Kenitra, Casa-Tanger , Casa-Marrakech, Fès - Casa | P19: 45568 | Q19: Apte classe 1 | R19: =YEARFRAC(I19,P19,1) -> 31.597536 | S19: =IF(L19<40,"4",IF(L19<50,"3",IF(L19<55,IF(Tableau3[[#This Row],[Fonction]]="Conducteur de ligne","2","3"),"1"))) -> 4 | T19: =EDATE(P19, (12*S19)) -> 47029 | U19: 45166 | V19: FAVORABLE MAINT | W19: =YEARFRAC(I19,U19,1) -> 30.49894 | X19: =IF(L19<40,"4",IF(L19<55,"3",IF(Tableau3[[#This Row],[Fonction]]="conducteur de ligne","1","2"))) -> 4 | Y19: =EDATE(U19, (12*X19)) -> 46627 | Z19: 45794 | AA19: =IF(Tableau3[[#This Row],[Date prochaine évaluation]]> TODAY(),"Réussi","Examen expiré") -> Examen expiré | AB19: =EDATE(Z19, 12) -> 46159 | AC19: =EDATE(AA19, 12) -> #VALUE!
B20: CHTIOUI AZIZ | C20: 43722A | D20: Kénitra | F20: =IF(Tableau3[[#This Row],[Date d''expiration ]]>TODAY()+31,"✅",IF(Tableau3[[#This Row],[Date d''expiration ]]> TODAY()+1, "⚠️","⛔️")) -> ⚠️ | G20: =MIN(T20,Y20,AB20) -> 46299 | H20: =IF( Tableau3[[#This Row],[Date d''expiration ]]>TODAY(),"Néant","Cas à justifier") -> Néant | I20: 31922 | J20: =YEARFRAC(I20,TODAY(),1) -> 39.285421 | K20: =YEARFRAC(I20,RG_DRH_S1_008!$E$4,1) -> 38.603019 | L20: =YEARFRAC(I20,RG_DRH_S1_008!$E$5,1) -> 39.603012 | M20: Conducteur de ligne | N20: Z2M | O20: Casa-Kenitra | P20: 45454 | Q20: Apte classe 1 | R20: =YEARFRAC(I20,P20,1) -> 37.047262 | S20: =IF(L20<40,"4",IF(L20<50,"3",IF(L20<55,IF(Tableau3[[#This Row],[Fonction]]="Conducteur de ligne","2","3"),"1"))) -> 4 | T20: =EDATE(P20, (12*S20)) -> 46915 | U20: 45594 | V20: FAVORABLE MAINT | W20: =YEARFRAC(I20,U20,1) -> 37.430548 | X20: =IF(L20<40,"4",IF(L20<55,"3",IF(Tableau3[[#This Row],[Fonction]]="conducteur de ligne","1","2"))) -> 4 | Y20: =EDATE(U20, (12*X20)) -> 47055 | Z20: 45934 | AA20: =IF(Tableau3[[#This Row],[Date prochaine évaluation]]> TODAY(),"Réussi","Examen expiré") -> Réussi | AB20: =EDATE(Z20, 12) -> 46299 | AC20: =EDATE(AA20, 12) -> #VALUE!
B21: DAHANI MOHAMMED | C21: 43018L | D21: Kénitra | F21: =IF(Tableau3[[#This Row],[Date d''expiration ]]>TODAY()+31,"✅",IF(Tableau3[[#This Row],[Date d''expiration ]]> TODAY()+1, "⚠️","⛔️")) -> ⚠️ | G21: =MIN(T21,Y21,AB21) -> 46276 | H21: =IF( Tableau3[[#This Row],[Date d''expiration ]]>TODAY(),"Néant","Cas à justifier") -> Néant | I21: 32509 | J21: =YEARFRAC(I21,TODAY(),1) -> 37.67966 | K21: =YEARFRAC(I21,RG_DRH_S1_008!$E$4,1) -> 36.997262 | L21: =YEARFRAC(I21,RG_DRH_S1_008!$E$5,1) -> 37.997262 | M21: Conducteur de ligne | N21: E1450, E1400, Z2M, E1300, E1250 | O21: Casa-Kenitra, Casa-Tanger , Casa-Marrakech, Fès - Casa | P21: 45380 | Q21: Apte classe 1 | R21: =YEARFRAC(I21,P21,1) -> 35.238877 | S21: =IF(L21<40,"4",IF(L21<50,"3",IF(L21<55,IF(Tableau3[[#This Row],[Fonction]]="Conducteur de ligne","2","3"),"1"))) -> 4 | T21: =EDATE(P21, (12*S21)) -> 46841 | U21: 45722 | V21: FAVORABLE MAINT | W21: =YEARFRAC(I21,U21,1) -> 36.175892 | X21: =IF(L21<40,"4",IF(L21<55,"3",IF(Tableau3[[#This Row],[Fonction]]="conducteur de ligne","1","2"))) -> 4 | Y21: =EDATE(U21, (12*X21)) -> 47183 | Z21: 45911 | AA21: =IF(Tableau3[[#This Row],[Date prochaine évaluation]]> TODAY(),"Réussi","Examen expiré") -> Réussi | AB21: =EDATE(Z21, 12) -> 46276 | AC21: =EDATE(AA21, 12) -> #VALUE!
B22: DAHBI SALAH EDDINE | C22: 43701A | D22: Kénitra | F22: =IF(Tableau3[[#This Row],[Date d''expiration ]]>TODAY()+31,"✅",IF(Tableau3[[#This Row],[Date d''expiration ]]> TODAY()+1, "⚠️","⛔️")) -> ✅ | G22: =MIN(T22,Y22,AB22) -> 46431 | H22: =IF( Tableau3[[#This Row],[Date d''expiration ]]>TODAY(),"Néant","Cas à justifier") -> Néant | I22: 32791 | J22: =YEARFRAC(I22,TODAY(),1) -> 36.907558 | K22: =YEARFRAC(I22,RG_DRH_S1_008!$E$4,1) -> 36.225174 | L22: =YEARFRAC(I22,RG_DRH_S1_008!$E$5,1) -> 37.22516 | M22: Conducteur de ligne | N22: Z2M | O22: Casa-Kenitra | P22: 45412 | Q22: Apte classe 1 | R22: =YEARFRAC(I22,P22,1) -> 34.554415 | S22: =IF(L22<40,"4",IF(L22<50,"3",IF(L22<55,IF(Tableau3[[#This Row],[Fonction]]="Conducteur de ligne","2","3"),"1"))) -> 4 | T22: =EDATE(P22, (12*S22)) -> 46873 | U22: 45595 | V22: FAVORABLE MAINT | W22: =YEARFRAC(I22,U22,1) -> 35.055441 | X22: =IF(L22<40,"4",IF(L22<55,"3",IF(Tableau3[[#This Row],[Fonction]]="conducteur de ligne","1","2"))) -> 4 | Y22: =EDATE(U22, (12*X22)) -> 47056 | Z22: 46066 | AA22: =IF(Tableau3[[#This Row],[Date prochaine évaluation]]> TODAY(),"Réussi","Examen expiré") -> Réussi | AB22: =EDATE(Z22, 12) -> 46431 | AC22: =EDATE(AA22, 12) -> #VALUE!
B23: DIDI YOUNES | C23: 43406Z | D23: Kénitra | E23: 43297 | F23: =IF(Tableau3[[#This Row],[Date d''expiration ]]>TODAY()+31,"✅",IF(Tableau3[[#This Row],[Date d''expiration ]]> TODAY()+1, "⚠️","⛔️")) -> ✅ | G23: =MIN(T23,Y23,AB23) -> 46340 | H23: =IF( Tableau3[[#This Row],[Date d''expiration ]]>TODAY(),"Néant","Cas à justifier") -> Néant | I23: 33195 | J23: =YEARFRAC(I23,TODAY(),1) -> 35.800799 | K23: =YEARFRAC(I23,RG_DRH_S1_008!$E$4,1) -> 35.118412 | L23: =YEARFRAC(I23,RG_DRH_S1_008!$E$5,1) -> 36.118396 | M23: Conducteur de ligne | N23: E1450, E1400, E1300, E1250 | O23: Casa-Kenitra, Casa-Tanger , Casa-Marrakech, Fès - Casa | P23: 45007 | Q23: Apte classe 1 | R23: =YEARFRAC(I23,P23,1) -> 32.340796 | S23: =IF(L23<40,"4",IF(L23<50,"3",IF(L23<55,IF(Tableau3[[#This Row],[Fonction]]="Conducteur de ligne","2","3"),"1"))) -> 4 | T23: =EDATE(P23, (12*S23)) -> 46468 | U23: 45328 | V23: FAVORABLE MAINT | W23: =YEARFRAC(I23,U23,1) -> 33.217694 | X23: =IF(L23<40,"4",IF(L23<55,"3",IF(Tableau3[[#This Row],[Fonction]]="conducteur de ligne","1","2"))) -> 4 | Y23: =EDATE(U23, (12*X23)) -> 46789 | Z23: 45975 | AA23: =IF(Tableau3[[#This Row],[Date prochaine évaluation]]> TODAY(),"Réussi","Examen expiré") -> Réussi | AB23: =EDATE(Z23, 12) -> 46340 | AC23: =EDATE(AA23, 12) -> #VALUE!
B24: ECHOUIREF MOHAMMED | C24: 42691Y | D24: Kénitra | F24: =IF(Tableau3[[#This Row],[Date d''expiration ]]>TODAY()+31,"✅",IF(Tableau3[[#This Row],[Date d''expiration ]]> TODAY()+1, "⚠️","⛔️")) -> ✅ | G24: =MIN(T24,Y24,AB24) -> 46551 | H24: =IF( Tableau3[[#This Row],[Date d''expiration ]]>TODAY(),"Néant","Cas à justifier") -> Néant | I24: 31626 | J24: =YEARFRAC(I24,TODAY(),1) -> 40.096494 | K24: =YEARFRAC(I24,RG_DRH_S1_008!$E$4,1) -> 39.4141 | L24: =YEARFRAC(I24,RG_DRH_S1_008!$E$5,1) -> 40.41409 | M24: Conducteur de ligne | N24: E1450, E1400, E1300, E1250 | O24: Casa-Kenitra, Casa-Tanger , Casa-Marrakech, Fès - Casa | P24: 46191 | Q24: Apte classe 1 | R24: =YEARFRAC(I24,P24,1) -> 39.877462 | S24: =IF(L24<40,"4",IF(L24<50,"3",IF(L24<55,IF(Tableau3[[#This Row],[Fonction]]="Conducteur de ligne","2","3"),"1"))) -> 3 | T24: =EDATE(P24, (12*S24)) -> 47287 | U24: 46191 | V24: FAVORABLE MAINT | W24: =YEARFRAC(I24,U24,1) -> 39.877462 | X24: =IF(L24<40,"4",IF(L24<55,"3",IF(Tableau3[[#This Row],[Fonction]]="conducteur de ligne","1","2"))) -> 3 | Y24: =EDATE(U24, (12*X24)) -> 47287 | Z24: 46186 | AA24: =IF(Tableau3[[#This Row],[Date prochaine évaluation]]> TODAY(),"Réussi","Examen expiré") -> Réussi | AB24: =EDATE(Z24, 12) -> 46551 | AC24: =EDATE(AA24, 12) -> #VALUE!
B25: EL BOUNI ANAS | C25: 42413R | D25: Kénitra | F25: =IF(Tableau3[[#This Row],[Date d''expiration ]]>TODAY()+31,"✅",IF(Tableau3[[#This Row],[Date d''expiration ]]> TODAY()+1, "⚠️","⛔️")) -> ✅ | G25: =MIN(T25,Y25,AB25) -> 46311 | H25: =IF( Tableau3[[#This Row],[Date d''expiration ]]>TODAY(),"Néant","Cas à justifier") -> Néant | I25: 32784 | J25: =YEARFRAC(I25,TODAY(),1) -> 36.926724 | K25: =YEARFRAC(I25,RG_DRH_S1_008!$E$4,1) -> 36.244339 | L25: =YEARFRAC(I25,RG_DRH_S1_008!$E$5,1) -> 37.244326 | M25: Conducteur de ligne | N25: Z2M | O25: Casa-Kenitra | P25: 45754 | Q25: Apte classe 1 | R25: =YEARFRAC(I25,P25,1) -> 35.510582 | S25: =IF(L25<40,"4",IF(L25<50,"3",IF(L25<55,IF(Tableau3[[#This Row],[Fonction]]="Conducteur de ligne","2","3"),"1"))) -> 4 | T25: =EDATE(P25, (12*S25)) -> 47215 | U25: 44985 | V25: FAVORABLE MAINT | W25: =YEARFRAC(I25,U25,1) -> 33.406477 | X25: =IF(L25<40,"4",IF(L25<55,"3",IF(Tableau3[[#This Row],[Fonction]]="conducteur de ligne","1","2"))) -> 4 | Y25: =EDATE(U25, (12*X25)) -> 46446 | Z25: 45946 | AA25: =IF(Tableau3[[#This Row],[Date prochaine évaluation]]> TODAY(),"Réussi","Examen expiré") -> Réussi | AB25: =EDATE(Z25, 12) -> 46311 | AC25: =EDATE(AA25, 12) -> #VALUE!
B26: EL FAID KHALID | C26: 45280E | D26: Kénitra | F26: =IF(Tableau3[[#This Row],[Date d''expiration ]]>TODAY()+31,"✅",IF(Tableau3[[#This Row],[Date d''expiration ]]> TODAY()+1, "⚠️","⛔️")) -> ✅ | G26: =MIN(T26,Y26,AB26) -> 46313 | H26: =IF( Tableau3[[#This Row],[Date d''expiration ]]>TODAY(),"Néant","Cas à justifier") -> Néant | I26: 34990 | J26: =YEARFRAC(I26,TODAY(),1) -> 30.885695 | K26: =YEARFRAC(I26,RG_DRH_S1_008!$E$4,1) -> 30.203303 | L26: =YEARFRAC(I26,RG_DRH_S1_008!$E$5,1) -> 31.203285 | M26: Conducteur de ligne | N26: E1400, E1450 | O26: Casa-Kenitra, Casa-Tanger , Casa-Marrakech, Fès - Casa | P26: 45567 | Q26: Apte classe 1 | R26: =YEARFRAC(I26,P26,1) -> 28.956926 | S26: =IF(L26<40,"4",IF(L26<50,"3",IF(L26<55,IF(Tableau3[[#This Row],[Fonction]]="Conducteur de ligne","2","3"),"1"))) -> 4 | T26: =EDATE(P26, (12*S26)) -> 47028 | U26: 44852 | V26: FAVORABLE MAINT | W26: =YEARFRAC(I26,U26,1) -> 27.000684 | X26: =IF(L26<40,"4",IF(L26<55,"3",IF(Tableau3[[#This Row],[Fonction]]="conducteur de ligne","1","2"))) -> 4 | Y26: =EDATE(U26, (12*X26)) -> 46313 | Z26: 46133 | AA26: =IF(Tableau3[[#This Row],[Date prochaine évaluation]]> TODAY(),"Réussi","Examen expiré") -> Réussi | AB26: =EDATE(Z26, 12) -> 46498 | AC26: =EDATE(AA26, 12) -> #VALUE!
B27: EL FILALI LAMDAGHRI SOUFIANE | C27: 43993Y | D27: Kénitra | F27: =IF(Tableau3[[#This Row],[Date d''expiration ]]>TODAY()+31,"✅",IF(Tableau3[[#This Row],[Date d''expiration ]]> TODAY()+1, "⚠️","⛔️")) -> ✅ | G27: =MIN(T27,Y27,AB27) -> 46473 | H27: =IF( Tableau3[[#This Row],[Date d''expiration ]]>TODAY(),"Néant","Cas à justifier") -> Néant | I27: 33765 | J27: =YEARFRAC(I27,TODAY(),1) -> 34.238892 | K27: =YEARFRAC(I27,RG_DRH_S1_008!$E$4,1) -> 33.556486 | L27: =YEARFRAC(I27,RG_DRH_S1_008!$E$5,1) -> 34.556477 | M27: Conducteur de ligne | N27: E1450, E1400, E1250, E1300 | O27: Casa-Kenitra, Casa-Tanger , Casa-Marrakech, Fès - Casa | P27: 45674 | Q27: Apte classe 1 | R27: =YEARFRAC(I27,P27,1) -> 32.603752 | S27: =IF(L27<40,"4",IF(L27<50,"3",IF(L27<55,IF(Tableau3[[#This Row],[Fonction]]="Conducteur de ligne","2","3"),"1"))) -> 4 | T27: =EDATE(P27, (12*S27)) -> 47135 | U27: 45140 | V27: FAVORABLE MAINT | W27: =YEARFRAC(I27,U27,1) -> 31.143053 | X27: =IF(L27<40,"4",IF(L27<55,"3",IF(Tableau3[[#This Row],[Fonction]]="conducteur de ligne","1","2"))) -> 4 | Y27: =EDATE(U27, (12*X27)) -> 46601 | Z27: 46108 | AA27: =IF(Tableau3[[#This Row],[Date prochaine évaluation]]> TODAY(),"Réussi","Examen expiré") -> Réussi | AB27: =EDATE(Z27, 12) -> 46473 | AC27: =EDATE(AA27, 12) -> #VALUE!
B28: EL HAJJI HICHAM | C28: 43163J | D28: Kénitra | F28: =IF(Tableau3[[#This Row],[Date d''expiration ]]>TODAY()+31,"✅",IF(Tableau3[[#This Row],[Date d''expiration ]]> TODAY()+1, "⚠️","⛔️")) -> ✅ | G28: =MIN(T28,Y28,AB28) -> 46428 | H28: =IF( Tableau3[[#This Row],[Date d''expiration ]]>TODAY(),"Néant","Cas à justifier") -> Néant | I28: 31611 | J28: =YEARFRAC(I28,TODAY(),1) -> 40.137563 | K28: =YEARFRAC(I28,RG_DRH_S1_008!$E$4,1) -> 39.455168 | L28: =YEARFRAC(I28,RG_DRH_S1_008!$E$5,1) -> 40.455159 | M28: Conducteur de ligne | N28: E1450, E1400 | O28: Casa-Kenitra, Casa-Tanger , Casa-Marrakech, Fès - Casa | P28: 45971 | Q28: Apte classe 1 | R28: =YEARFRAC(I28,P28,1) -> 39.315537 | S28: =IF(L28<40,"4",IF(L28<50,"3",IF(L28<55,IF(Tableau3[[#This Row],[Fonction]]="Conducteur de ligne","2","3"),"1"))) -> 3 | T28: =EDATE(P28, (12*S28)) -> 47067 | U28: 45373 | V28: FAVORABLE MAINT | W28: =YEARFRAC(I28,U28,1) -> 37.677641 | X28: =IF(L28<40,"4",IF(L28<55,"3",IF(Tableau3[[#This Row],[Fonction]]="conducteur de ligne","1","2"))) -> 3 | Y28: =EDATE(U28, (12*X28)) -> 46468 | Z28: 46063 | AA28: =IF(Tableau3[[#This Row],[Date prochaine évaluation]]> TODAY(),"Réussi","Examen expiré") -> Réussi | AB28: =EDATE(Z28, 12) -> 46428 | AC28: =EDATE(AA28, 12) -> #VALUE!
B29: EL MILAOUI AYOUB | C29: 43999E | D29: Kénitra | F29: =IF(Tableau3[[#This Row],[Date d''expiration ]]>TODAY()+31,"✅",IF(Tableau3[[#This Row],[Date d''expiration ]]> TODAY()+1, "⚠️","⛔️")) -> ✅ | G29: =MIN(T29,Y29,AB29) -> 46331 | H29: =IF( Tableau3[[#This Row],[Date d''expiration ]]>TODAY(),"Néant","Cas à justifier") -> Néant | I29: 33720 | J29: =YEARFRAC(I29,TODAY(),1) -> 34.362093 | K29: =YEARFRAC(I29,RG_DRH_S1_008!$E$4,1) -> 33.679684 | L29: =YEARFRAC(I29,RG_DRH_S1_008!$E$5,1) -> 34.679678 | M29: Conducteur de ligne | N29: E1400, E1450 | O29: Fès - Casa, Casa-Kenitra, Casa-Tanger , Casa-Marrakech, Casa-Eljadida | P29: 45398 | Q29: Apte classe 1 | R29: =YEARFRAC(I29,P29,1) -> 31.970632 | S29: =IF(L29<40,"4",IF(L29<50,"3",IF(L29<55,IF(Tableau3[[#This Row],[Fonction]]="Conducteur de ligne","2","3"),"1"))) -> 4 | T29: =EDATE(P29, (12*S29)) -> 46859 | U29: 45398 | V29: FAVORABLE MAINT | W29: =YEARFRAC(I29,U29,1) -> 31.970632 | X29: =IF(L29<40,"4",IF(L29<55,"3",IF(Tableau3[[#This Row],[Fonction]]="conducteur de ligne","1","2"))) -> 4 | Y29: =EDATE(U29, (12*X29)) -> 46859 | Z29: 45966 | AA29: =IF(Tableau3[[#This Row],[Date prochaine évaluation]]> TODAY(),"Réussi","Examen expiré") -> Réussi | AB29: =EDATE(Z29, 12) -> 46331 | AC29: =EDATE(AA29, 12) -> #VALUE!
B30: ELHIMER TAREK | C30: 45026C | D30: Kénitra | F30: =IF(Tableau3[[#This Row],[Date d''expiration ]]>TODAY()+31,"✅",IF(Tableau3[[#This Row],[Date d''expiration ]]> TODAY()+1, "⚠️","⛔️")) -> ✅ | G30: =MIN(T30,Y30,AB30) -> 46431 | H30: =IF( Tableau3[[#This Row],[Date d''expiration ]]>TODAY(),"Néant","Cas à justifier") -> Néant | I30: 34723 | J30: =YEARFRAC(I30,TODAY(),1) -> 31.616701 | K30: =YEARFRAC(I30,RG_DRH_S1_008!$E$4,1) -> 30.934293 | L30: =YEARFRAC(I30,RG_DRH_S1_008!$E$5,1) -> 31.934292 | M30: Conducteur de ligne | N30: E1450, E1400, Z2M | O30: Casa-Kenitra, Casa-Tanger , Casa-Marrakech, Fès - Casa | P30: 45327 | Q30: Apte classe 1 | R30: =YEARFRAC(I30,P30,1) -> 29.030845 | S30: =IF(L30<40,"4",IF(L30<50,"3",IF(L30<55,IF(Tableau3[[#This Row],[Fonction]]="Conducteur de ligne","2","3"),"1"))) -> 4 | T30: =EDATE(P30, (12*S30)) -> 46788 | U30: 45572 | V30: FAVORABLE MAINT | W30: =YEARFRAC(I30,U30,1) -> 29.701588 | X30: =IF(L30<40,"4",IF(L30<55,"3",IF(Tableau3[[#This Row],[Fonction]]="conducteur de ligne","1","2"))) -> 4 | Y30: =EDATE(U30, (12*X30)) -> 47033 | Z30: 46066 | AA30: =IF(Tableau3[[#This Row],[Date prochaine évaluation]]> TODAY(),"Réussi","Examen expiré") -> Réussi | AB30: =EDATE(Z30, 12) -> 46431 | AC30: =EDATE(AA30, 12) -> #VALUE!
B31: ENNSEIRI ILIASS | C31: 43902N | D31: Kénitra | F31: =IF(Tableau3[[#This Row],[Date d''expiration ]]>TODAY()+31,"✅",IF(Tableau3[[#This Row],[Date d''expiration ]]> TODAY()+1, "⚠️","⛔️")) -> ✅ | G31: =MIN(T31,Y31,AB31) -> 46540 | H31: =IF( Tableau3[[#This Row],[Date d''expiration ]]>TODAY(),"Néant","Cas à justifier") -> Néant | I31: 34744 | J31: =YEARFRAC(I31,TODAY(),1) -> 31.559206 | K31: =YEARFRAC(I31,RG_DRH_S1_008!$E$4,1) -> 30.876799 | L31: =YEARFRAC(I31,RG_DRH_S1_008!$E$5,1) -> 31.876797 | M31: Conducteur de ligne | N31: E1400, E1450 | O31: Casa-Kenitra, Casa-Tanger , Casa-Marrakech, Fès - Casa | P31: 45610 | Q31: Apte classe 1 | R31: =YEARFRAC(I31,P31,1) -> 29.748129 | S31: =IF(L31<40,"4",IF(L31<50,"3",IF(L31<55,IF(Tableau3[[#This Row],[Fonction]]="Conducteur de ligne","2","3"),"1"))) -> 4 | T31: =EDATE(P31, (12*S31)) -> 47071 | U31: 45148 | V31: FAVORABLE MAINT | W31: =YEARFRAC(I31,U31,1) -> 28.485272 | X31: =IF(L31<40,"4",IF(L31<55,"3",IF(Tableau3[[#This Row],[Fonction]]="conducteur de ligne","1","2"))) -> 4 | Y31: =EDATE(U31, (12*X31)) -> 46609 | Z31: 46175 | AA31: =IF(Tableau3[[#This Row],[Date prochaine évaluation]]> TODAY(),"Réussi","Examen expiré") -> Réussi | AB31: =EDATE(Z31, 12) -> 46540 | AC31: =EDATE(AA31, 12) -> #VALUE!
B32: ESSAADAOUI ABDELJALIL | C32: 44783M | D32: Kénitra | F32: =IF(Tableau3[[#This Row],[Date d''expiration ]]>TODAY()+31,"✅",IF(Tableau3[[#This Row],[Date d''expiration ]]> TODAY()+1, "⚠️","⛔️")) -> ✅ | G32: =MIN(T32,Y32,AB32) -> 46429 | H32: =IF( Tableau3[[#This Row],[Date d''expiration ]]>TODAY(),"Néant","Cas à justifier") -> Néant | I32: 34257 | J32: =YEARFRAC(I32,TODAY(),1) -> 32.893864 | K32: =YEARFRAC(I32,RG_DRH_S1_008!$E$4,1) -> 32.211483 | L32: =YEARFRAC(I32,RG_DRH_S1_008!$E$5,1) -> 33.211467 | M32: Conducteur de ligne | N32: E1450, E1400 | O32: Casa-Kenitra, Casa-Tanger , Casa-Marrakech, Fès - Casa | P32: 45013 | Q32: Apte classe 1 | R32: =YEARFRAC(I32,P32,1) -> 29.450274 | S32: =IF(L32<40,"4",IF(L32<50,"3",IF(L32<55,IF(Tableau3[[#This Row],[Fonction]]="Conducteur de ligne","2","3"),"1"))) -> 4 | T32: =EDATE(P32, (12*S32)) -> 46474 | U32: 45975 | V32: FAVORABLE MAINT | W32: =YEARFRAC(I32,U32,1) -> 32.082801 | X32: =IF(L32<40,"4",IF(L32<55,"3",IF(Tableau3[[#This Row],[Fonction]]="conducteur de ligne","1","2"))) -> 4 | Y32: =EDATE(U32, (12*X32)) -> 47436 | Z32: 46064 | AA32: =IF(Tableau3[[#This Row],[Date prochaine évaluation]]> TODAY(),"Réussi","Examen expiré") -> Réussi | AB32: =EDATE(Z32, 12) -> 46429 | AC32: =EDATE(AA32, 12) -> #VALUE!
B33: FERKOUKI OMAR | C33: 45031H | D33: Kénitra | F33: =IF(Tableau3[[#This Row],[Date d''expiration ]]>TODAY()+31,"✅",IF(Tableau3[[#This Row],[Date d''expiration ]]> TODAY()+1, "⚠️","⛔️")) -> ✅ | G33: =MIN(T33,Y33,AB33) -> 46432 | H33: =IF( Tableau3[[#This Row],[Date d''expiration ]]>TODAY(),"Néant","Cas à justifier") -> Néant | I33: 34391 | J33: =YEARFRAC(I33,TODAY(),1) -> 32.526342 | K33: =YEARFRAC(I33,RG_DRH_S1_008!$E$4,1) -> 31.843943 | L33: =YEARFRAC(I33,RG_DRH_S1_008!$E$5,1) -> 32.843939 | M33: Conducteur de ligne | N33: E1450, E1400, Z2M | O33: Casa-Kenitra, Casa-Tanger , Casa-Marrakech, Fès - Casa | P33: 45203 | Q33: Apte classe 1 | R33: =YEARFRAC(I33,P33,1) -> 29.602994 | S33: =IF(L33<40,"4",IF(L33<50,"3",IF(L33<55,IF(Tableau3[[#This Row],[Fonction]]="Conducteur de ligne","2","3"),"1"))) -> 4 | T33: =EDATE(P33, (12*S33)) -> 46664 | U33: 45575 | V33: FAVORABLE MAINT | W33: =YEARFRAC(I33,U33,1) -> 30.619447 | X33: =IF(L33<40,"4",IF(L33<55,"3",IF(Tableau3[[#This Row],[Fonction]]="conducteur de ligne","1","2"))) -> 4 | Y33: =EDATE(U33, (12*X33)) -> 47036 | Z33: 46067 | AA33: =IF(Tableau3[[#This Row],[Date prochaine évaluation]]> TODAY(),"Réussi","Examen expiré") -> Réussi | AB33: =EDATE(Z33, 12) -> 46432 | AC33: =EDATE(AA33, 12) -> #VALUE!
B34: ZEGMOU MUSTAPHA | C34: 40589W | D34: Kénitra | F34: =IF(Tableau3[[#This Row],[Date d''expiration ]]>TODAY()+31,"✅",IF(Tableau3[[#This Row],[Date d''expiration ]]> TODAY()+1, "⚠️","⛔️")) -> ⛔️ | G34: =MIN(T34,Y34,AB34) -> 45895 | H34: RETRAITE | I34: 25062 | J34: =YEARFRAC(I34,TODAY(),1) -> 58.066404 | K34: =YEARFRAC(I34,RG_DRH_S1_008!$E$4,1) -> 57.383998 | L34: =YEARFRAC(I34,RG_DRH_S1_008!$E$5,1) -> 58.383991 | M34: Conducteur de ligne | N34: Z2M | O34: Casa-Kenitra | P34: 45532 | Q34: Apte classe 1 | R34: =YEARFRAC(I34,P34,1) -> 56.041787 | S34: =IF(L34<40,"4",IF(L34<50,"3",IF(L34<55,IF(Tableau3[[#This Row],[Fonction]]="Conducteur de ligne","2","3"),"1"))) -> 1 | T34: =EDATE(P34, (12*S34)) -> 45897 | U34: 45530 | V34: FAVORABLE MAINT | W34: =YEARFRAC(I34,U34,1) -> 56.036311 | X34: =IF(L34<40,"4",IF(L34<55,"3",IF(Tableau3[[#This Row],[Fonction]]="conducteur de ligne","1","2"))) -> 1 | Y34: =EDATE(U34, (12*X34)) -> 45895 | Z34: 45818 | AA34: =IF(Tableau3[[#This Row],[Date prochaine évaluation]]> TODAY(),"Réussi","Examen expiré") -> Examen expiré | AB34: =EDATE(Z34, 12) -> 46183 | AC34: =EDATE(AA34, 12) -> #VALUE!
B35: ZARHOUNI DRISS | C35: 85642E | D35: Kénitra | F35: =IF(Tableau3[[#This Row],[Date d''expiration ]]>TODAY()+31,"✅",IF(Tableau3[[#This Row],[Date d''expiration ]]> TODAY()+1, "⚠️","⛔️")) -> ✅ | G35: =MIN(T35,Y35,AB35) -> 46580 | H35: =IF( Tableau3[[#This Row],[Date d''expiration ]]>TODAY(),"Néant","Cas à justifier") -> Néant | I35: 28567 | J35: =YEARFRAC(I35,TODAY(),1) -> 48.471587 | K35: =YEARFRAC(I35,RG_DRH_S1_008!$E$4,1) -> 47.789185 | L35: =YEARFRAC(I35,RG_DRH_S1_008!$E$5,1) -> 48.789183 | M35: Conducteur de ligne | N35: E1450, E1400, Z2M | O35: Casa-Kenitra, Casa-Tanger , Casa-Marrakech, Fès - Casa | P35: 45485 | Q35: Apte classe 1 | R35: =YEARFRAC(I35,P35,1) -> 46.318285 | S35: =IF(L35<40,"4",IF(L35<50,"3",IF(L35<55,IF(Tableau3[[#This Row],[Fonction]]="Conducteur de ligne","2","3"),"1"))) -> 3 | T35: =EDATE(P35, (12*S35)) -> 46580 | U35: 45768 | V35: FAVORABLE MAINT | W35: =YEARFRAC(I35,U35,1) -> 47.093771 | X35: =IF(L35<40,"4",IF(L35<55,"3",IF(Tableau3[[#This Row],[Fonction]]="conducteur de ligne","1","2"))) -> 3 | Y35: =EDATE(U35, (12*X35)) -> 46864 | Z35: 46216 | AA35: =IF(Tableau3[[#This Row],[Date prochaine évaluation]]> TODAY(),"Réussi","Examen expiré") -> Réussi | AB35: =EDATE(Z35, 12) -> 46581 | AC35: =EDATE(AA35, 12) -> #VALUE!
B36: RACHAD EL KHALIL | C36: 85436J | D36: Kénitra | F36: =IF(Tableau3[[#This Row],[Date d''expiration ]]>TODAY()+31,"✅",IF(Tableau3[[#This Row],[Date d''expiration ]]> TODAY()+1, "⚠️","⛔️")) -> ✅ | G36: =MIN(T36,Y36,AB36) -> 46436 | H36: =IF( Tableau3[[#This Row],[Date d''expiration ]]>TODAY(),"Néant","Cas à justifier") -> Néant | I36: 27573 | J36: =YEARFRAC(I36,TODAY(),1) -> 51.192334 | K36: =YEARFRAC(I36,RG_DRH_S1_008!$E$4,1) -> 50.509931 | L36: =YEARFRAC(I36,RG_DRH_S1_008!$E$5,1) -> 51.509925 | M36: Conducteur de ligne | N36: Z2M | O36: Casa-Kenitra | P36: 45833 | Q36: Apte classe 1 | R36: =YEARFRAC(I36,P36,1) -> 49.992484 | S36: =IF(L36<40,"4",IF(L36<50,"3",IF(L36<55,IF(Tableau3[[#This Row],[Fonction]]="Conducteur de ligne","2","3"),"1"))) -> 2 | T36: =EDATE(P36, (12*S36)) -> 46563 | U36: 45478 | V36: FAVORABLE MAINT | W36: =YEARFRAC(I36,U36,1) -> 49.019876 | X36: =IF(L36<40,"4",IF(L36<55,"3",IF(Tableau3[[#This Row],[Fonction]]="conducteur de ligne","1","2"))) -> 3 | Y36: =EDATE(U36, (12*X36)) -> 46573 | Z36: 46071 | AA36: =IF(Tableau3[[#This Row],[Date prochaine évaluation]]> TODAY(),"Réussi","Examen expiré") -> Réussi | AB36: =EDATE(Z36, 12) -> 46436 | AC36: =EDATE(AA36, 12) -> #VALUE!
B37: LAAROUBI YOUSSEF | C37: 40614A | D37: Kénitra | F37: =IF(Tableau3[[#This Row],[Date d''expiration ]]>TODAY()+31,"✅",IF(Tableau3[[#This Row],[Date d''expiration ]]> TODAY()+1, "⚠️","⛔️")) -> ✅ | G37: =MIN(T37,Y37,AB37) -> 46339 | H37: =IF( Tableau3[[#This Row],[Date d''expiration ]]>TODAY(),"Néant","Cas à justifier") -> Néant | I37: 25637 | J37: =YEARFRAC(I37,TODAY(),1) -> 56.493492 | K37: =YEARFRAC(I37,RG_DRH_S1_008!$E$4,1) -> 55.811088 | L37: =YEARFRAC(I37,RG_DRH_S1_008!$E$5,1) -> 56.811086 | M37: Conducteur de ligne | N37: E1450, E1400, E1300, E1250 | O37: Casa-Kenitra, Casa-Tanger , Casa-Marrakech, Fès - Casa | P37: 46105 | Q37: Apte classe 1 | R37: =YEARFRAC(I37,P37,1) -> 56.039003 | S37: =IF(L37<40,"4",IF(L37<50,"3",IF(L37<55,IF(Tableau3[[#This Row],[Fonction]]="Conducteur de ligne","2","3"),"1"))) -> 1 | T37: =EDATE(P37, (12*S37)) -> 46470 | U37: 46119 | V37: FAVORABLE MAINT | W37: =YEARFRAC(I37,U37,1) -> 56.077333 | X37: =IF(L37<40,"4",IF(L37<55,"3",IF(Tableau3[[#This Row],[Fonction]]="conducteur de ligne","1","2"))) -> 1 | Y37: =EDATE(U37, (12*X37)) -> 46484 | Z37: 45974 | AA37: =IF(Tableau3[[#This Row],[Date prochaine évaluation]]> TODAY(),"Réussi","Examen expiré") -> Réussi | AB37: =EDATE(Z37, 12) -> 46339 | AC37: =EDATE(AA37, 12) -> #VALUE!
B38: EL KHADIR ABDELKADER | C38: 85586M | D38: Kénitra | F38: =IF(Tableau3[[#This Row],[Date d''expiration ]]>TODAY()+31,"✅",IF(Tableau3[[#This Row],[Date d''expiration ]]> TODAY()+1, "⚠️","⛔️")) -> ⛔️ | G38: =MIN(T38,Y38,AB38) -> 46095 | H38: Néant | I38: 27211 | J38: =YEARFRAC(I38,TODAY(),1) -> 52.18411 | K38: =YEARFRAC(I38,RG_DRH_S1_008!$E$4,1) -> 51.501711 | L38: =YEARFRAC(I38,RG_DRH_S1_008!$E$5,1) -> 52.501705 | M38: Conducteur de ligne | N38: Z2M, E1300, E1250, E1400, E1450 | O38: Casa-Kenitra, Casa-Tanger , Casa-Marrakech, Fès - Casa | P38: 45765 | Q38: Apte classe 1 | R38: =YEARFRAC(I38,P38,1) -> 50.798084 | S38: =IF(L38<40,"4",IF(L38<50,"3",IF(L38<55,IF(Tableau3[[#This Row],[Fonction]]="Conducteur de ligne","2","3"),"1"))) -> 2 | T38: =EDATE(P38, (12*S38)) -> 46495 | U38: 44999 | V38: FAVORABLE MAINT | W38: =YEARFRAC(I38,U38,1) -> 48.702223 | X38: =IF(L38<40,"4",IF(L38<55,"3",IF(Tableau3[[#This Row],[Fonction]]="conducteur de ligne","1","2"))) -> 3 | Y38: =EDATE(U38, (12*X38)) -> 46095 | Z38: 45957 | AA38: =IF(Tableau3[[#This Row],[Date prochaine évaluation]]> TODAY(),"Réussi","Examen expiré") -> Réussi | AB38: =EDATE(Z38, 12) -> 46322 | AC38: =EDATE(AA38, 12) -> #VALUE!
B39: GATRA MOHAMED | C39: 45400Y | D39: Kénitra | F39: =IF(Tableau3[[#This Row],[Date d''expiration ]]>TODAY()+31,"✅",IF(Tableau3[[#This Row],[Date d''expiration ]]> TODAY()+1, "⚠️","⛔️")) -> ✅ | G39: =MIN(T39,Y39,AB39) -> 46494 | H39: =IF( Tableau3[[#This Row],[Date d''expiration ]]>TODAY(),"Néant","Cas à justifier") -> Néant | I39: 35113 | J39: =YEARFRAC(I39,TODAY(),1) -> 30.548265 | K39: =YEARFRAC(I39,RG_DRH_S1_008!$E$4,1) -> 29.865851 | L39: =YEARFRAC(I39,RG_DRH_S1_008!$E$5,1) -> 30.865848 | M39: Conducteur de ligne | N39: E1450, E1400 | O39: Casa-Kenitra, Casa-Tanger , Casa-Marrakech, Fès - Casa | P39: 45317 | Q39: Apte classe 1 | R39: =YEARFRAC(I39,P39,1) -> 27.935051 | S39: =IF(L39<40,"4",IF(L39<50,"3",IF(L39<55,IF(Tableau3[[#This Row],[Fonction]]="Conducteur de ligne","2","3"),"1"))) -> 4 | T39: =EDATE(P39, (12*S39)) -> 46778 | U39: 45033 | V39: FAVORABLE MAINT | W39: =YEARFRAC(I39,U39,1) -> 27.15948 | X39: =IF(L39<40,"4",IF(L39<55,"3",IF(Tableau3[[#This Row],[Fonction]]="conducteur de ligne","1","2"))) -> 4 | Y39: =EDATE(U39, (12*X39)) -> 46494 | Z39: 46139 | AA39: =IF(Tableau3[[#This Row],[Date prochaine évaluation]]> TODAY(),"Réussi","Examen expiré") -> Réussi | AB39: =EDATE(Z39, 12) -> 46504 | AC39: =EDATE(AA39, 12) -> #VALUE!
B40: CHRAIT MUSTAPHA | C40: 85517F | D40: Kénitra | F40: =IF(Tableau3[[#This Row],[Date d''expiration ]]>TODAY()+31,"✅",IF(Tableau3[[#This Row],[Date d''expiration ]]> TODAY()+1, "⚠️","⛔️")) -> ✅ | G40: =MIN(T40,Y40,AB40) -> 46317 | H40: =IF( Tableau3[[#This Row],[Date d''expiration ]]>TODAY(),"Néant","Cas à justifier") -> Néant | I40: 29768 | J40: =YEARFRAC(I40,TODAY(),1) -> 45.184096 | K40: =YEARFRAC(I40,RG_DRH_S1_008!$E$4,1) -> 44.501704 | L40: =YEARFRAC(I40,RG_DRH_S1_008!$E$5,1) -> 45.501696 | M40: Conducteur de ligne | N40: E1450, E1400, E1300, E1250 | O40: Casa-Kenitra, Casa-Tanger , Casa-Marrakech, Fès - Casa | P40: 45789 | Q40: Apte classe 1 | R40: =YEARFRAC(I40,P40,1) -> 43.863775 | S40: =IF(L40<40,"4",IF(L40<50,"3",IF(L40<55,IF(Tableau3[[#This Row],[Fonction]]="Conducteur de ligne","2","3"),"1"))) -> 3 | T40: =EDATE(P40, (12*S40)) -> 46885 | U40: 45786 | V40: FAVORABLE MAINT | W40: =YEARFRAC(I40,U40,1) -> 43.855561 | X40: =IF(L40<40,"4",IF(L40<55,"3",IF(Tableau3[[#This Row],[Fonction]]="conducteur de ligne","1","2"))) -> 3 | Y40: =EDATE(U40, (12*X40)) -> 46882 | Z40: 45952 | AA40: =IF(Tableau3[[#This Row],[Date prochaine évaluation]]> TODAY(),"Réussi","Examen expiré") -> Réussi | AB40: =EDATE(Z40, 12) -> 46317 | AC40: =EDATE(AA40, 12) -> #VALUE!
B41: IOUNOUSSE OMAR | C41: 44788T | D41: Kénitra | F41: =IF(Tableau3[[#This Row],[Date d''expiration ]]>TODAY()+31,"✅",IF(Tableau3[[#This Row],[Date d''expiration ]]> TODAY()+1, "⚠️","⛔️")) -> ✅ | G41: =MIN(T41,Y41,AB41) -> 46422 | H41: =IF( Tableau3[[#This Row],[Date d''expiration ]]>TODAY(),"Néant","Cas à justifier") -> Néant | I41: 34727 | J41: =YEARFRAC(I41,TODAY(),1) -> 31.605749 | K41: =YEARFRAC(I41,RG_DRH_S1_008!$E$4,1) -> 30.923342 | L41: =YEARFRAC(I41,RG_DRH_S1_008!$E$5,1) -> 31.92334 | M41: Conducteur de ligne | N41: E1450, E1400 | O41: Casa-Kenitra, Casa-Tanger , Casa-Marrakech, Fès - Casa | P41: 45964 | Q41: Apte classe 1 | R41: =YEARFRAC(I41,P41,1) -> 30.76455 | S41: =IF(L41<40,"4",IF(L41<50,"3",IF(L41<55,IF(Tableau3[[#This Row],[Fonction]]="Conducteur de ligne","2","3"),"1"))) -> 4 | T41: =EDATE(P41, (12*S41)) -> 47425 | U41: 45971 | V41: FAVORABLE MAINT | W41: =YEARFRAC(I41,U41,1) -> 30.783715 | X41: =IF(L41<40,"4",IF(L41<55,"3",IF(Tableau3[[#This Row],[Fonction]]="conducteur de ligne","1","2"))) -> 4 | Y41: =EDATE(U41, (12*X41)) -> 47432 | Z41: 46057 | AA41: =IF(Tableau3[[#This Row],[Date prochaine évaluation]]> TODAY(),"Réussi","Examen expiré") -> Réussi | AB41: =EDATE(Z41, 12) -> 46422 | AC41: =EDATE(AA41, 12) -> #VALUE!
B42: CHAHED MOHAMED LARBI | C42: 85563K | D42: Kénitra | F42: =IF(Tableau3[[#This Row],[Date d''expiration ]]>TODAY()+31,"✅",IF(Tableau3[[#This Row],[Date d''expiration ]]> TODAY()+1, "⚠️","⛔️")) -> ✅ | G42: =MIN(T42,Y42,AB42) -> 46541 | H42: =IF( Tableau3[[#This Row],[Date d''expiration ]]>TODAY(),"Néant","Cas à justifier") -> Néant | I42: 30746 | J42: =YEARFRAC(I42,TODAY(),1) -> 42.504457 | K42: =YEARFRAC(I42,RG_DRH_S1_008!$E$4,1) -> 41.822045 | L42: =YEARFRAC(I42,RG_DRH_S1_008!$E$5,1) -> 42.822043 | M42: Conducteur de ligne | N42: Z2M, E1300, E1250, E1400, E1450 | O42: Casa-Kenitra, Casa-Tanger , Casa-Marrakech, Fès - Casa | P42: 45589 | Q42: Apte classe 1 | R42: =YEARFRAC(I42,P42,1) -> 40.635884 | S42: =IF(L42<40,"4",IF(L42<50,"3",IF(L42<55,IF(Tableau3[[#This Row],[Fonction]]="Conducteur de ligne","2","3"),"1"))) -> 3 | T42: =EDATE(P42, (12*S42)) -> 46684 | U42: 45463 | V42: FAVORABLE MAINT | W42: =YEARFRAC(I42,U42,1) -> 40.290932 | X42: =IF(L42<40,"4",IF(L42<55,"3",IF(Tableau3[[#This Row],[Fonction]]="conducteur de ligne","1","2"))) -> 3 | Y42: =EDATE(U42, (12*X42)) -> 46558 | Z42: 46176 | AA42: =IF(Tableau3[[#This Row],[Date prochaine évaluation]]> TODAY(),"Réussi","Examen expiré") -> Réussi | AB42: =EDATE(Z42, 12) -> 46541 | AC42: =EDATE(AA42, 12) -> #VALUE!
B43: BENAASI MOHAMMED | C43: 85469Z | D43: Kénitra | F43: =IF(Tableau3[[#This Row],[Date d''expiration ]]>TODAY()+31,"✅",IF(Tableau3[[#This Row],[Date d''expiration ]]> TODAY()+1, "⚠️","⛔️")) -> ✅ | G43: =MIN(T43,Y43,AB43) -> 46384 | H43: =IF( Tableau3[[#This Row],[Date d''expiration ]]>TODAY(),"Néant","Cas à justifier") -> Néant | I43: 30386 | J43: =YEARFRAC(I43,TODAY(),1) -> 43.49076 | K43: =YEARFRAC(I43,RG_DRH_S1_008!$E$4,1) -> 42.808353 | L43: =YEARFRAC(I43,RG_DRH_S1_008!$E$5,1) -> 43.80835 | M43: Conducteur de ligne | N43: E1450, E1400 | O43: Casa-Kenitra, Casa-Tanger , Casa-Marrakech, Fès - Casa | P43: 45785 | Q43: Apte classe 1 | R43: =YEARFRAC(I43,P43,1) -> 42.159493 | S43: =IF(L43<40,"4",IF(L43<50,"3",IF(L43<55,IF(Tableau3[[#This Row],[Fonction]]="Conducteur de ligne","2","3"),"1"))) -> 3 | T43: =EDATE(P43, (12*S43)) -> 46881 | U43: 45288 | V43: FAVORABLE MAINT | W43: =YEARFRAC(I43,U43,1) -> 40.800134 | X43: =IF(L43<40,"4",IF(L43<55,"3",IF(Tableau3[[#This Row],[Fonction]]="conducteur de ligne","1","2"))) -> 3 | Y43: =EDATE(U43, (12*X43)) -> 46384 | Z43: 46181 | AA43: =IF(Tableau3[[#This Row],[Date prochaine évaluation]]> TODAY(),"Réussi","Examen expiré") -> Réussi | AB43: =EDATE(Z43, 12) -> 46546 | AC43: =EDATE(AA43, 12) -> #VALUE!
B44: JDIRA AYYOUB | C44: 42268T | D44: Kénitra | F44: =IF(Tableau3[[#This Row],[Date d''expiration ]]>TODAY()+31,"✅",IF(Tableau3[[#This Row],[Date d''expiration ]]> TODAY()+1, "⚠️","⛔️")) -> ✅ | G44: =MIN(T44,Y44,AB44) -> 46437 | H44: =IF( Tableau3[[#This Row],[Date d''expiration ]]>TODAY(),"Néant","Cas à justifier") -> Néant | I44: 30944 | J44: =YEARFRAC(I44,TODAY(),1) -> 41.962371 | K44: =YEARFRAC(I44,RG_DRH_S1_008!$E$4,1) -> 41.279969 | L44: =YEARFRAC(I44,RG_DRH_S1_008!$E$5,1) -> 42.279957 | M44: Conducteur de ligne | N44: Z2M | O44: Casa-Kenitra | P44: 46035 | Q44: Apte classe 1 | R44: =YEARFRAC(I44,P44,1) -> 41.316249 | S44: =IF(L44<40,"4",IF(L44<50,"3",IF(L44<55,IF(Tableau3[[#This Row],[Fonction]]="Conducteur de ligne","2","3"),"1"))) -> 3 | T44: =EDATE(P44, (12*S44)) -> 47131 | U44: 45363 | V44: FAVORABLE MAINT | W44: =YEARFRAC(I44,U44,1) -> 39.475093 | X44: =IF(L44<40,"4",IF(L44<55,"3",IF(Tableau3[[#This Row],[Fonction]]="conducteur de ligne","1","2"))) -> 3 | Y44: =EDATE(U44, (12*X44)) -> 46458 | Z44: 46072 | AA44: =IF(Tableau3[[#This Row],[Date prochaine évaluation]]> TODAY(),"Réussi","Examen expiré") -> Réussi | AB44: =EDATE(Z44, 12) -> 46437 | AC44: =EDATE(AA44, 12) -> #VALUE!
B45: BELOUARRAT BENDAOUD | C45: 85584K | D45: Kénitra | F45: =IF(Tableau3[[#This Row],[Date d''expiration ]]>TODAY()+31,"✅",IF(Tableau3[[#This Row],[Date d''expiration ]]> TODAY()+1, "⚠️","⛔️")) -> ✅ | G45: =MIN(T45,Y45,AB45) -> 46521 | H45: =IF( Tableau3[[#This Row],[Date d''expiration ]]>TODAY(),"Néant","Cas à justifier") -> Néant | I45: 27942 | J45: =YEARFRAC(I45,TODAY(),1) -> 50.181394 | K45: =YEARFRAC(I45,RG_DRH_S1_008!$E$4,1) -> 49.498987 | L45: =YEARFRAC(I45,RG_DRH_S1_008!$E$5,1) -> 50.49898 | M45: Conducteur de ligne | N45: Z2M, E1300, E1250, DH400, DH350, E1400, E1450 | O45: Casa-Kenitra, Casa-Tanger , Casa-Marrakech, Fès - Casa | P45: 46094 | Q45: Apte classe 1 | R45: =YEARFRAC(I45,P45,1) -> 49.696801 | S45: =IF(L45<40,"4",IF(L45<50,"3",IF(L45<55,IF(Tableau3[[#This Row],[Fonction]]="Conducteur de ligne","2","3"),"1"))) -> 2 | T45: =EDATE(P45, (12*S45)) -> 46825 | U45: 46094 | V45: FAVORABLE MAINT | W45: =YEARFRAC(I45,U45,1) -> 49.696801 | X45: =IF(L45<40,"4",IF(L45<55,"3",IF(Tableau3[[#This Row],[Fonction]]="conducteur de ligne","1","2"))) -> 3 | Y45: =EDATE(U45, (12*X45)) -> 47190 | Z45: 46156 | AA45: =IF(Tableau3[[#This Row],[Date prochaine évaluation]]> TODAY(),"Réussi","Examen expiré") -> Réussi | AB45: =EDATE(Z45, 12) -> 46521 | AC45: =EDATE(AA45, 12) -> #VALUE!
B46: ARROUB SAID | C46: 38023P | D46: Kénitra | F46: =IF(Tableau3[[#This Row],[Date d''expiration ]]>TODAY()+31,"✅",IF(Tableau3[[#This Row],[Date d''expiration ]]> TODAY()+1, "⚠️","⛔️")) -> ✅ | G46: =MIN(T46,Y46,AB46) -> 46400 | H46: =IF( Tableau3[[#This Row],[Date d''expiration ]]>TODAY(),"Néant","Cas à justifier") -> Néant | I46: 25487 | J46: =YEARFRAC(I46,TODAY(),1) -> 56.904834 | K46: =YEARFRAC(I46,RG_DRH_S1_008!$E$4,1) -> 56.222441 | L46: =YEARFRAC(I46,RG_DRH_S1_008!$E$5,1) -> 57.222432 | M46: Conducteur de ligne | N46: E1400, E1450, E1300, E1250 | O46: Casa-Kenitra, Casa-Tanger , Casa-Marrakech, Fès - Casa | P46: 46065 | Q46: Apte classe 1 | R46: =YEARFRAC(I46,P46,1) -> 56.340823 | S46: =IF(L46<40,"4",IF(L46<50,"3",IF(L46<55,IF(Tableau3[[#This Row],[Fonction]]="Conducteur de ligne","2","3"),"1"))) -> 1 | T46: =EDATE(P46, (12*S46)) -> 46430 | U46: 46078 | V46: FAVORABLE MAINT | W46: =YEARFRAC(I46,U46,1) -> 56.376416 | X46: =IF(L46<40,"4",IF(L46<55,"3",IF(Tableau3[[#This Row],[Fonction]]="conducteur de ligne","1","2"))) -> 1 | Y46: =EDATE(U46, (12*X46)) -> 46443 | Z46: 46035 | AA46: =IF(Tableau3[[#This Row],[Date prochaine évaluation]]> TODAY(),"Réussi","Examen expiré") -> Réussi | AB46: =EDATE(Z46, 12) -> 46400 | AC46: =EDATE(AA46, 12) -> #VALUE!
B47: KANDROUCH MOHAMMED | C47: 45283H | D47: Kénitra | F47: =IF(Tableau3[[#This Row],[Date d''expiration ]]>TODAY()+31,"✅",IF(Tableau3[[#This Row],[Date d''expiration ]]> TODAY()+1, "⚠️","⛔️")) -> ✅ | G47: =MIN(T47,Y47,AB47) -> 46334 | H47: =IF( Tableau3[[#This Row],[Date d''expiration ]]>TODAY(),"Néant","Cas à justifier") -> Néant | I47: 35440 | J47: =YEARFRAC(I47,TODAY(),1) -> 29.655015 | K47: =YEARFRAC(I47,RG_DRH_S1_008!$E$4,1) -> 28.972621 | L47: =YEARFRAC(I47,RG_DRH_S1_008!$E$5,1) -> 29.97262 | M47: Conducteur de ligne | N47: E1450, E1400 | O47: Casa-Kenitra, Casa-Tanger , Casa-Marrakech, Fès - Casa | P47: 45180 | Q47: Apte classe 1 | R47: =YEARFRAC(I47,P47,1) -> 26.668695 | S47: =IF(L47<40,"4",IF(L47<50,"3",IF(L47<55,IF(Tableau3[[#This Row],[Fonction]]="Conducteur de ligne","2","3"),"1"))) -> 4 | T47: =EDATE(P47, (12*S47)) -> 46641 | U47: 44873 | V47: FAVORABLE MAINT | W47: =YEARFRAC(I47,U47,1) -> 25.827506 | X47: =IF(L47<40,"4",IF(L47<55,"3",IF(Tableau3[[#This Row],[Fonction]]="conducteur de ligne","1","2"))) -> 4 | Y47: =EDATE(U47, (12*X47)) -> 46334 | Z47: 46132 | AA47: =IF(Tableau3[[#This Row],[Date prochaine évaluation]]> TODAY(),"Réussi","Examen expiré") -> Réussi | AB47: =EDATE(Z47, 12) -> 46497 | AC47: =EDATE(AA47, 12) -> #VALUE!
B48: KHRIBECHE YASSINE | C48: 42267S | D48: Kénitra | F48: =IF(Tableau3[[#This Row],[Date d''expiration ]]>TODAY()+31,"✅",IF(Tableau3[[#This Row],[Date d''expiration ]]> TODAY()+1, "⚠️","⛔️")) -> ✅ | G48: =MIN(T48,Y48,AB48) -> 46493 | H48: =IF( Tableau3[[#This Row],[Date d''expiration ]]>TODAY(),"Néant","Cas à justifier") -> Néant | I48: 31436 | J48: =YEARFRAC(I48,TODAY(),1) -> 40.616694 | K48: =YEARFRAC(I48,RG_DRH_S1_008!$E$4,1) -> 39.934292 | L48: =YEARFRAC(I48,RG_DRH_S1_008!$E$5,1) -> 40.93429 | M48: Conducteur de ligne | N48: E1450, E1400 | O48: Casa-Kenitra, Casa-Tanger , Casa-Marrakech, Fès - Casa | P48: 46148 | Q48: Apte classe 1 | R48: =YEARFRAC(I48,P48,1) -> 40.279933 | S48: =IF(L48<40,"4",IF(L48<50,"3",IF(L48<55,IF(Tableau3[[#This Row],[Fonction]]="Conducteur de ligne","2","3"),"1"))) -> 3 | T48: =EDATE(P48, (12*S48)) -> 47244 | U48: 46023 | V48: FAVORABLE MAINT | W48: =YEARFRAC(I48,U48,1) -> 39.937696 | X48: =IF(L48<40,"4",IF(L48<55,"3",IF(Tableau3[[#This Row],[Fonction]]="conducteur de ligne","1","2"))) -> 3 | Y48: =EDATE(U48, (12*X48)) -> 47119 | Z48: 46128 | AA48: =IF(Tableau3[[#This Row],[Date prochaine évaluation]]> TODAY(),"Réussi","Examen expiré") -> Réussi | AB48: =EDATE(Z48, 12) -> 46493 | AC48: =EDATE(AA48, 12) -> #VALUE!
B49: MALAOUI ABDELGHANI | C49: 85505R | D49: Kénitra | F49: =IF(Tableau3[[#This Row],[Date d''expiration ]]>TODAY()+31,"✅",IF(Tableau3[[#This Row],[Date d''expiration ]]> TODAY()+1, "⚠️","⛔️")) -> ✅ | G49: =MIN(T49,Y49,AB49) -> 46432 | H49: =IF( Tableau3[[#This Row],[Date d''expiration ]]>TODAY(),"Néant","Cas à justifier") -> Néant | I49: 30348 | J49: =YEARFRAC(I49,TODAY(),1) -> 43.594798 | K49: =YEARFRAC(I49,RG_DRH_S1_008!$E$4,1) -> 42.91239 | L49: =YEARFRAC(I49,RG_DRH_S1_008!$E$5,1) -> 43.912389 | M49: Conducteur de ligne | N49: E1450, E1400 | O49: Casa-Kenitra, Casa-Tanger , Casa-Marrakech, Fès - Casa | P49: 45345 | Q49: Apte classe 1 | R49: =YEARFRAC(I49,P49,1) -> 41.05821 | S49: =IF(L49<40,"4",IF(L49<50,"3",IF(L49<55,IF(Tableau3[[#This Row],[Fonction]]="Conducteur de ligne","2","3"),"1"))) -> 3 | T49: =EDATE(P49, (12*S49)) -> 46441 | U49: 45345 | V49: FAVORABLE MAINT | W49: =YEARFRAC(I49,U49,1) -> 41.05821 | X49: =IF(L49<40,"4",IF(L49<55,"3",IF(Tableau3[[#This Row],[Fonction]]="conducteur de ligne","1","2"))) -> 3 | Y49: =EDATE(U49, (12*X49)) -> 46441 | Z49: 46067 | AA49: =IF(Tableau3[[#This Row],[Date prochaine évaluation]]> TODAY(),"Réussi","Examen expiré") -> Réussi | AB49: =EDATE(Z49, 12) -> 46432 | AC49: =EDATE(AA49, 12) -> #VALUE!
B50: LAMHASNI AHMED | C50: 85718W | D50: Kénitra | F50: =IF(Tableau3[[#This Row],[Date d''expiration ]]>TODAY()+31,"✅",IF(Tableau3[[#This Row],[Date d''expiration ]]> TODAY()+1, "⚠️","⛔️")) -> ✅ | G50: =MIN(T50,Y50,AB50) -> 46498 | H50: =IF( Tableau3[[#This Row],[Date d''expiration ]]>TODAY(),"Néant","Cas à justifier") -> Néant | I50: 30873 | J50: =YEARFRAC(I50,TODAY(),1) -> 42.156755 | K50: =YEARFRAC(I50,RG_DRH_S1_008!$E$4,1) -> 41.47435 | L50: =YEARFRAC(I50,RG_DRH_S1_008!$E$5,1) -> 42.474341 | M50: Conducteur de ligne | N50: E1450, E1400 | O50: Casa-Kenitra, Casa-Tanger , Casa-Marrakech, Fès - Casa | P50: 45628 | Q50: Apte classe 1 | R50: =YEARFRAC(I50,P50,1) -> 40.394965 | S50: =IF(L50<40,"4",IF(L50<50,"3",IF(L50<55,IF(Tableau3[[#This Row],[Fonction]]="Conducteur de ligne","2","3"),"1"))) -> 3 | T50: =EDATE(P50, (12*S50)) -> 46723 | U50: 45615 | V50: FAVORABLE MAINT | W50: =YEARFRAC(I50,U50,1) -> 40.359375 | X50: =IF(L50<40,"4",IF(L50<55,"3",IF(Tableau3[[#This Row],[Fonction]]="conducteur de ligne","1","2"))) -> 3 | Y50: =EDATE(U50, (12*X50)) -> 46710 | Z50: 46133 | AA50: =IF(Tableau3[[#This Row],[Date prochaine évaluation]]> TODAY(),"Réussi","Examen expiré") -> Réussi | AB50: =EDATE(Z50, 12) -> 46498 | AC50: =EDATE(AA50, 12) -> #VALUE!
... B60: EL ATTAL RADOUANE | C60: 85440N | D60: Kénitra | F60: =IF(Tableau3[[#This Row],[Date d''expiration ]]>TODAY()+31,"✅",IF(Tableau3[[#This Row],[Date d''expiration ]]> TODAY()+1, "⚠️","⛔️")) -> ✅ | G60: =MIN(T60,Y60,AB60) -> 46481 | H60: =IF( Tableau3[[#This Row],[Date d''expiration ]]>TODAY(),"Néant","Cas à justifier") -> Néant | I60: 27694 | J60: =YEARFRAC(I60,TODAY(),1) -> 50.861054 | K60: =YEARFRAC(I60,RG_DRH_S1_008!$E$4,1) -> 50.178656 | L60: =YEARFRAC(I60,RG_DRH_S1_008!$E$5,1) -> 51.178645 | M60: Conducteur de ligne | N60: E1450, E1400 | O60: Casa-Kenitra, Casa-Tanger , Casa-Marrakech, Fès - Casa | P60: 45751 | Q60: Apte classe 1 | R60: =YEARFRAC(I60,P60,1) -> 49.436708 | S60: =IF(L60<40,"4",IF(L60<50,"3",IF(L60<55,IF(Tableau3[[#This Row],[Fonction]]="Conducteur de ligne","2","3"),"1"))) -> 2 | T60: =EDATE(P60, (12*S60)) -> 46481 | U60: 45750 | V60: FAVORABLE MAINT | W60: =YEARFRAC(I60,U60,1) -> 49.43397 | X60: =IF(L60<40,"4",IF(L60<55,"3",IF(Tableau3[[#This Row],[Fonction]]="conducteur de ligne","1","2"))) -> 3 | Y60: =EDATE(U60, (12*X60)) -> 46846 | Z60: 46175 | AA60: =IF(Tableau3[[#This Row],[Date prochaine évaluation]]> TODAY(),"Réussi","Examen expiré") -> Réussi | AB60: =EDATE(Z60, 12) -> 46540 | AC60: =EDATE(AA60, 12) -> #VALUE!
B61: SALDANI RACHID | C61: 85292M | D61: Kénitra | F61: =IF(Tableau3[[#This Row],[Date d''expiration ]]>TODAY()+31,"✅",IF(Tableau3[[#This Row],[Date d''expiration ]]> TODAY()+1, "⚠️","⛔️")) -> ⛔️ | G61: =MIN(T61,Y61,AB61) -> 46177 | H61: Néant | I61: 25991 | J61: =YEARFRAC(I61,TODAY(),1) -> 55.523614 | K61: =YEARFRAC(I61,RG_DRH_S1_008!$E$4,1) -> 54.841207 | L61: =YEARFRAC(I61,RG_DRH_S1_008!$E$5,1) -> 55.841205 | M61: Conducteur de ligne | N61: Z2M | O61: Casa-Kenitra | P61: 45996 | Q61: Apte classe 1 | R61: =YEARFRAC(I61,P61,1) -> 54.770023 | S61: =IF(L61<40,"4",IF(L61<50,"3",IF(L61<55,IF(Tableau3[[#This Row],[Fonction]]="Conducteur de ligne","2","3"),"1"))) -> 1 | T61: =EDATE(P61, (12*S61)) -> 46361 | U61: 45812 | V61: FAVORABLE MAINT | W61: =YEARFRAC(I61,U61,1) -> 54.266265 | X61: =IF(L61<40,"4",IF(L61<55,"3",IF(Tableau3[[#This Row],[Fonction]]="conducteur de ligne","1","2"))) -> 1 | Y61: =EDATE(U61, (12*X61)) -> 46177 | Z61: 46146 | AA61: =IF(Tableau3[[#This Row],[Date prochaine évaluation]]> TODAY(),"Réussi","Examen expiré") -> Réussi | AB61: =EDATE(Z61, 12) -> 46511 | AC61: =EDATE(AA61, 12) -> #VALUE!
B62: SALMAOUI ABDELHADI | C62: 44287Y | D62: Kénitra | F62: =IF(Tableau3[[#This Row],[Date d''expiration ]]>TODAY()+31,"✅",IF(Tableau3[[#This Row],[Date d''expiration ]]> TODAY()+1, "⚠️","⛔️")) -> ✅ | G62: =MIN(T62,Y62,AB62) -> 46335 | H62: =IF( Tableau3[[#This Row],[Date d''expiration ]]>TODAY(),"Néant","Cas à justifier") -> Néant | I62: 33872 | J62: =YEARFRAC(I62,TODAY(),1) -> 33.945948 | K62: =YEARFRAC(I62,RG_DRH_S1_008!$E$4,1) -> 33.263548 | L62: =YEARFRAC(I62,RG_DRH_S1_008!$E$5,1) -> 34.263533 | M62: Conducteur de ligne | N62: E1400, E1450 | O62: Fès - Casa, Casa-Kenitra, Casa-Tanger , Casa-Marrakech, Casa-Eljadida | P62: 46174 | Q62: Apte classe 1 | R62: =YEARFRAC(I62,P62,1) -> 33.680382 | S62: =IF(L62<40,"4",IF(L62<50,"3",IF(L62<55,IF(Tableau3[[#This Row],[Fonction]]="Conducteur de ligne","2","3"),"1"))) -> 4 | T62: =EDATE(P62, (12*S62)) -> 47635 | U62: 45695 | V62: FAVORABLE MAINT | W62: =YEARFRAC(I62,U62,1) -> 32.368307 | X62: =IF(L62<40,"4",IF(L62<55,"3",IF(Tableau3[[#This Row],[Fonction]]="conducteur de ligne","1","2"))) -> 4 | Y62: =EDATE(U62, (12*X62)) -> 47156 | Z62: 45970 | AA62: =IF(Tableau3[[#This Row],[Date prochaine évaluation]]> TODAY(),"Réussi","Examen expiré") -> Réussi | AB62: =EDATE(Z62, 12) -> 46335 | AC62: =EDATE(AA62, 12) -> #VALUE!
B63: SEHNANI ABDERRAHMANE | C63: 46277R | D63: Kénitra | F63: =IF(Tableau3[[#This Row],[Date d''expiration ]]>TODAY()+31,"✅",IF(Tableau3[[#This Row],[Date d''expiration ]]> TODAY()+1, "⚠️","⛔️")) -> ✅ | G63: =MIN(T63,Y63,AB63) -> 46529 | H63: =IF( Tableau3[[#This Row],[Date d''expiration ]]>TODAY(),"Néant","Cas à justifier") -> Néant | I63: 36220 | J63: =YEARFRAC(I63,TODAY(),1) -> 27.518138 | K63: =YEARFRAC(I63,RG_DRH_S1_008!$E$4,1) -> 26.835733 | L63: =YEARFRAC(I63,RG_DRH_S1_008!$E$5,1) -> 27.835729 | M63: Conducteur de ligne | N63: E1450, E1400, Z2M | O63: Casa-Kenitra, Casa-Tanger , Casa-Marrakech, Fès - Casa | P63: 45068 | Q63: Apte classe 1 | R63: =YEARFRAC(I63,P63,1) -> 24.225167 | S63: =IF(L63<40,"4",IF(L63<50,"3",IF(L63<55,IF(Tableau3[[#This Row],[Fonction]]="Conducteur de ligne","2","3"),"1"))) -> 4 | T63: =EDATE(P63, (12*S63)) -> 46529 | U63: 45576 | V63: FAVORABLE MAINT | W63: =YEARFRAC(I63,U63,1) -> 25.613983 | X63: =IF(L63<40,"4",IF(L63<55,"3",IF(Tableau3[[#This Row],[Fonction]]="conducteur de ligne","1","2"))) -> 4 | Y63: =EDATE(U63, (12*X63)) -> 47037 | Z63: 46188 | AA63: =IF(Tableau3[[#This Row],[Date prochaine évaluation]]> TODAY(),"Réussi","Examen expiré") -> Réussi | AB63: =EDATE(Z63, 12) -> 46553 | AC63: =EDATE(AA63, 12) -> #VALUE!
B64: MEZOUARA NOUR EDDINE | C64: 85631R | D64: Kénitra | F64: =IF(Tableau3[[#This Row],[Date d''expiration ]]>TODAY()+31,"✅",IF(Tableau3[[#This Row],[Date d''expiration ]]> TODAY()+1, "⚠️","⛔️")) -> ✅ | G64: =MIN(T64,Y64,AB64) -> 46512 | H64: =IF( Tableau3[[#This Row],[Date d''expiration ]]>TODAY(),"Néant","Cas à justifier") -> Néant | I64: 29992 | J64: =YEARFRAC(I64,TODAY(),1) -> 44.570151 | K64: =YEARFRAC(I64,RG_DRH_S1_008!$E$4,1) -> 43.887748 | L64: =YEARFRAC(I64,RG_DRH_S1_008!$E$5,1) -> 44.887746 | M64: Conducteur de ligne | N64: E1400, E1450 | O64: Casa-Kenitra, Casa-Tanger , Casa-Marrakech, Fès - Casa | P64: 46188 | Q64: Apte classe 1 | R64: =YEARFRAC(I64,P64,1) -> 44.342906 | S64: =IF(L64<40,"4",IF(L64<50,"3",IF(L64<55,IF(Tableau3[[#This Row],[Fonction]]="Conducteur de ligne","2","3"),"1"))) -> 3 | T64: =EDATE(P64, (12*S64)) -> 47284 | U64: 46188 | V64: FAVORABLE MAINT | W64: =YEARFRAC(I64,U64,1) -> 44.342906 | X64: =IF(L64<40,"4",IF(L64<55,"3",IF(Tableau3[[#This Row],[Fonction]]="conducteur de ligne","1","2"))) -> 3 | Y64: =EDATE(U64, (12*X64)) -> 47284 | Z64: 46147 | AA64: =IF(Tableau3[[#This Row],[Date prochaine évaluation]]> TODAY(),"Réussi","Examen expiré") -> Réussi | AB64: =EDATE(Z64, 12) -> 46512 | AC64: =EDATE(AA64, 12) -> #VALUE!
B65: TABIAT AYOUB | C65: 43974A | D65: Kénitra | F65: =IF(Tableau3[[#This Row],[Date d''expiration ]]>TODAY()+31,"✅",IF(Tableau3[[#This Row],[Date d''expiration ]]> TODAY()+1, "⚠️","⛔️")) -> ✅ | G65: =MIN(T65,Y65,AB65) -> 46553 | H65: =IF( Tableau3[[#This Row],[Date d''expiration ]]>TODAY(),"Néant","Cas à justifier") -> Néant | I65: 33298 | J65: =YEARFRAC(I65,TODAY(),1) -> 35.518138 | K65: =YEARFRAC(I65,RG_DRH_S1_008!$E$4,1) -> 34.835732 | L65: =YEARFRAC(I65,RG_DRH_S1_008!$E$5,1) -> 35.835729 | M65: Conducteur de ligne | N65: E1400, E1450, Z2M | O65: Fès - Casa, Casa-Kenitra, Casa-Marrakech, Casa-Tanger , Casa-Eljadida | P65: 45896 | Q65: Apte classe 1 | R65: =YEARFRAC(I65,P65,1) -> 34.49077 | S65: =IF(L65<40,"4",IF(L65<50,"3",IF(L65<55,IF(Tableau3[[#This Row],[Fonction]]="Conducteur de ligne","2","3"),"1"))) -> 4 | T65: =EDATE(P65, (12*S65)) -> 47357 | U65: 45149 | V65: FAVORABLE MAINT | W65: =YEARFRAC(I65,U65,1) -> 32.446943 | X65: =IF(L65<40,"4",IF(L65<55,"3",IF(Tableau3[[#This Row],[Fonction]]="conducteur de ligne","1","2"))) -> 4 | Y65: =EDATE(U65, (12*X65)) -> 46610 | Z65: 46188 | AA65: =IF(Tableau3[[#This Row],[Date prochaine évaluation]]> TODAY(),"Réussi","Examen expiré") -> Réussi | AB65: =EDATE(Z65, 12) -> 46553 | AC65: =EDATE(AA65, 12) -> #VALUE!
B66: YAKOUBI MOHAMMED | C66: 42422C | D66: Kénitra | F66: =IF(Tableau3[[#This Row],[Date d''expiration ]]>TODAY()+31,"✅",IF(Tableau3[[#This Row],[Date d''expiration ]]> TODAY()+1, "⚠️","⛔️")) -> ⛔️ | G66: =MIN(T66,Y66,AB66) -> 46069 | H66: =IF( Tableau3[[#This Row],[Date d''expiration ]]>TODAY(),"Néant","Cas à justifier") -> Cas à justifier | I66: 31675 | J66: =YEARFRAC(I66,TODAY(),1) -> 39.962337 | K66: =YEARFRAC(I66,RG_DRH_S1_008!$E$4,1) -> 39.279945 | L66: =YEARFRAC(I66,RG_DRH_S1_008!$E$5,1) -> 40.279933 | M66: Conducteur de ligne | N66: E1450, E1400, E1250, E1300 | O66: Casa-Kenitra, Casa-Tanger , Casa-Marrakech, Fès - Casa | P66: 45719 | Q66: Apte classe 1 | R66: =YEARFRAC(I66,P66,1) -> 38.450376 | S66: =IF(L66<40,"4",IF(L66<50,"3",IF(L66<55,IF(Tableau3[[#This Row],[Fonction]]="Conducteur de ligne","2","3"),"1"))) -> 3 | T66: =EDATE(P66, (12*S66)) -> 46815 | U66: 44973 | V66: FAVORABLE MAINT | W66: =YEARFRAC(I66,U66,1) -> 36.409251 | X66: =IF(L66<40,"4",IF(L66<55,"3",IF(Tableau3[[#This Row],[Fonction]]="conducteur de ligne","1","2"))) -> 3 | Y66: =EDATE(U66, (12*X66)) -> 46069 | Z66: 45915 | AA66: =IF(Tableau3[[#This Row],[Date prochaine évaluation]]> TODAY(),"Réussi","Examen expiré") -> Réussi | AB66: =EDATE(Z66, 12) -> 46280 | AC66: =EDATE(AA66, 12) -> #VALUE!
B67: ELALAOUI RACHID | C67: 85635X | D67: Kénitra | F67: =IF(Tableau3[[#This Row],[Date d''expiration ]]>TODAY()+31,"✅",IF(Tableau3[[#This Row],[Date d''expiration ]]> TODAY()+1, "⚠️","⛔️")) -> ✅ | G67: =MIN(T67,Y67,AB67) -> 46430 | H67: =IF( Tableau3[[#This Row],[Date d''expiration ]]>TODAY(),"Néant","Cas à justifier") -> Néant | I67: 30636 | J67: =YEARFRAC(I67,TODAY(),1) -> 42.806297 | K67: =YEARFRAC(I67,RG_DRH_S1_008!$E$4,1) -> 42.123902 | L67: =YEARFRAC(I67,RG_DRH_S1_008!$E$5,1) -> 43.123888 | M67: Conducteur de ligne | N67: E1400, E1450 | O67: Fès - Casa, Casa-Kenitra, Casa-Marrakech, Casa-Tanger , Casa-Eljadida | P67: 45334 | Q67: Apte classe 1 | R67: =YEARFRAC(I67,P67,1) -> 40.239619 | S67: =IF(L67<40,"4",IF(L67<50,"3",IF(L67<55,IF(Tableau3[[#This Row],[Fonction]]="Conducteur de ligne","2","3"),"1"))) -> 3 | T67: =EDATE(P67, (12*S67)) -> 46430 | U67: 45369 | V67: FAVORABLE MAINT | W67: =YEARFRAC(I67,U67,1) -> 40.335441 | X67: =IF(L67<40,"4",IF(L67<55,"3",IF(Tableau3[[#This Row],[Fonction]]="conducteur de ligne","1","2"))) -> 3 | Y67: =EDATE(U67, (12*X67)) -> 46464 | Z67: 46176 | AA67: =IF(Tableau3[[#This Row],[Date prochaine évaluation]]> TODAY(),"Réussi","Examen expiré") -> Réussi | AB67: =EDATE(Z67, 12) -> 46541 | AC67: =EDATE(AA67, 12) -> #VALUE!
B68: ZAALIT SAID | C68: 43553Z | D68: Kénitra | F68: =IF(Tableau3[[#This Row],[Date d''expiration ]]>TODAY()+31,"✅",IF(Tableau3[[#This Row],[Date d''expiration ]]> TODAY()+1, "⚠️","⛔️")) -> ✅ | G68: =MIN(T68,Y68,AB68) -> 46428 | H68: =IF( Tableau3[[#This Row],[Date d''expiration ]]>TODAY(),"Néant","Cas à justifier") -> Néant | I68: 31138 | J68: =YEARFRAC(I68,TODAY(),1) -> 41.433246 | K68: =YEARFRAC(I68,RG_DRH_S1_008!$E$4,1) -> 40.750851 | L68: =YEARFRAC(I68,RG_DRH_S1_008!$E$5,1) -> 41.750847 | M68: Conducteur de ligne | N68: Z2M | O68: Casa-Kenitra | P68: 45433 | Q68: Apte classe 1 | R68: =YEARFRAC(I68,P68,1) -> 39.137577 | S68: =IF(L68<40,"4",IF(L68<50,"3",IF(L68<55,IF(Tableau3[[#This Row],[Fonction]]="Conducteur de ligne","2","3"),"1"))) -> 3 | T68: =EDATE(P68, (12*S68)) -> 46528 | U68: 45595 | V68: FAVORABLE MAINT | W68: =YEARFRAC(I68,U68,1) -> 39.581109 | X68: =IF(L68<40,"4",IF(L68<55,"3",IF(Tableau3[[#This Row],[Fonction]]="conducteur de ligne","1","2"))) -> 3 | Y68: =EDATE(U68, (12*X68)) -> 46690 | Z68: 46063 | AA68: =IF(Tableau3[[#This Row],[Date prochaine évaluation]]> TODAY(),"Réussi","Examen expiré") -> Réussi | AB68: =EDATE(Z68, 12) -> 46428 | AC68: =EDATE(AA68, 12) -> #VALUE!
B69: AIT TAL ABED | C69: 41184D | D69: Kénitra | F69: =IF(Tableau3[[#This Row],[Date d''expiration ]]>TODAY()+31,"✅",IF(Tableau3[[#This Row],[Date d''expiration ]]> TODAY()+1, "⚠️","⛔️")) -> ✅ | G69: =MIN(T69,Y69,AB69) -> 46322 | H69: =IF( Tableau3[[#This Row],[Date d''expiration ]]>TODAY(),"Néant","Cas à justifier") -> Néant | I69: 25385 | J69: =YEARFRAC(I69,TODAY(),1) -> 57.184101 | K69: =YEARFRAC(I69,RG_DRH_S1_008!$E$4,1) -> 56.501705 | L69: =YEARFRAC(I69,RG_DRH_S1_008!$E$5,1) -> 57.501699 | M69: Conducteur de ligne | N69: Z2M, E1400, E1450, DH400, E1250, E1300 | O69: Casa-Kenitra, Casa-Tanger , Casa-Marrakech, Fès - Casa | P69: 46106 | Q69: Apte classe 1 | R69: =YEARFRAC(I69,P69,1) -> 56.732345 | S69: =IF(L69<40,"4",IF(L69<50,"3",IF(L69<55,IF(Tableau3[[#This Row],[Fonction]]="Conducteur de ligne","2","3"),"1"))) -> 1 | T69: =EDATE(P69, (12*S69)) -> 46471 | U69: 46092 | V69: FAVORABLE MAINT | W69: =YEARFRAC(I69,U69,1) -> 56.694014 | X69: =IF(L69<40,"4",IF(L69<55,"3",IF(Tableau3[[#This Row],[Fonction]]="conducteur de ligne","1","2"))) -> 1 | Y69: =EDATE(U69, (12*X69)) -> 46457 | Z69: 45957 | AA69: =IF(Tableau3[[#This Row],[Date prochaine évaluation]]> TODAY(),"Réussi","Examen expiré") -> Réussi | AB69: =EDATE(Z69, 12) -> 46322 | AC69: =EDATE(AA69, 12) -> #VALUE!
B70: ENNAJM Mohammed Ali | C70: 46491X | D70: Kenitra | E70: 45051 | F70: =IF(Tableau3[[#This Row],[Date d''expiration ]]>TODAY()+31,"✅",IF(Tableau3[[#This Row],[Date d''expiration ]]> TODAY()+1, "⚠️","⛔️")) -> ⚠️ | G70: =MIN(T70,Y70,AB70) -> 46277 | H70: =IF( Tableau3[[#This Row],[Date d''expiration ]]>TODAY(),"Néant","Cas à justifier") -> Néant | I70: 36083 | J70: =YEARFRAC(I70,TODAY(),1) -> 27.893882 | K70: =YEARFRAC(I70,RG_DRH_S1_008!$E$4,1) -> 27.211499 | L70: =YEARFRAC(I70,RG_DRH_S1_008!$E$5,1) -> 28.21148 | M70: Chef de Train | N70: E1450, E1400 DH400, DH350 | O70: Fès - Tanger Fès - Casa Voyageurs | P70: 45082 | Q70: Apte classe 1 | R70: =YEARFRAC(I70,P70,1) -> 24.639217 | S70: =IF(L70<40,"4",IF(L70<50,"3",IF(L70<55,IF(Tableau3[[#This Row],[Fonction]]="Conducteur de ligne","2","3"),"1"))) -> 4 | T70: =EDATE(P70, (12*S70)) -> 46543 | U70: 44816 | V70: FAVORABLE MAINT | W70: =YEARFRAC(I70,U70,1) -> 23.910306 | X70: =IF(L70<40,"4",IF(L70<55,"3",IF(Tableau3[[#This Row],[Fonction]]="conducteur de ligne","1","2"))) -> 4 | Y70: =EDATE(U70, (12*X70)) -> 46277 | Z70: 46131 | AA70: =IF(Tableau3[[#This Row],[Date prochaine évaluation]]> TODAY(),"Réussi","Examen expiré") -> Réussi | AB70: =EDATE(Z70, 12) -> 46496 | AC70: =EDATE(AA70, 12) -> #VALUE!
B71: KOUAT ELMEHDI | C71: 46254N | D71: Kenitra | E71: 44945 | F71: =IF(Tableau3[[#This Row],[Date d''expiration ]]>TODAY()+31,"✅",IF(Tableau3[[#This Row],[Date d''expiration ]]> TODAY()+1, "⚠️","⛔️")) -> ✅ | G71: =MIN(T71,Y71,AB71) -> 46342 | H71: =IF( Tableau3[[#This Row],[Date d''expiration ]]>TODAY(),"Néant","Cas à justifier") -> Néant | I71: 35416 | J71: =YEARFRAC(I71,TODAY(),1) -> 29.718714 | K71: =YEARFRAC(I71,RG_DRH_S1_008!$E$4,1) -> 29.03632 | L71: =YEARFRAC(I71,RG_DRH_S1_008!$E$5,1) -> 30.036298 | M71: Chef de Train | N71: DH400, DH350 | O71: Fès - Oujda | P71: 45176 | Q71: Apte classe 1 | R71: =YEARFRAC(I71,P71,1) -> 26.721424 | S71: =IF(L71<40,"4",IF(L71<50,"3",IF(L71<55,IF(Tableau3[[#This Row],[Fonction]]="Conducteur de ligne","2","3"),"1"))) -> 4 | T71: =EDATE(P71, (12*S71)) -> 46637 | U71: 46174 | V71: FAVORABLE MAINT | W71: =YEARFRAC(I71,U71,1) -> 29.453148 | X71: =IF(L71<40,"4",IF(L71<55,"3",IF(Tableau3[[#This Row],[Fonction]]="conducteur de ligne","1","2"))) -> 4 | Y71: =EDATE(U71, (12*X71)) -> 47635 | Z71: 45977 | AA71: =IF(Tableau3[[#This Row],[Date prochaine évaluation]]> TODAY(),"Réussi","Examen expiré") -> Réussi | AB71: =EDATE(Z71, 12) -> 46342 | AC71: =EDATE(AA71, 12) -> #VALUE!
B72: AMMARAT HAMZA | C72: 46245D | D72: kenitra | E72: 44945 | F72: =IF(Tableau3[[#This Row],[Date d''expiration ]]>TODAY()+31,"✅",IF(Tableau3[[#This Row],[Date d''expiration ]]> TODAY()+1, "⚠️","⛔️")) -> ✅ | G72: =MIN(T72,Y72,AB72) -> 46382 | H72: =IF( Tableau3[[#This Row],[Date d''expiration ]]>TODAY(),"Néant","Cas à justifier") -> Néant | I72: 36342 | J72: =YEARFRAC(I72,TODAY(),1) -> 27.18412 | K72: =YEARFRAC(I72,RG_DRH_S1_008!$E$4,1) -> 26.501724 | L72: =YEARFRAC(I72,RG_DRH_S1_008!$E$5,1) -> 27.501711 | M72: Chef de Train | N72: DH400, DH350 | O72: Fès - Oujda | P72: 45182 | Q72: Apte classe 1 | R72: =YEARFRAC(I72,P72,1) -> 24.203264 | S72: =IF(L72<40,"4",IF(L72<50,"3",IF(L72<55,IF(Tableau3[[#This Row],[Fonction]]="Conducteur de ligne","2","3"),"1"))) -> 4 | T72: =EDATE(P72, (12*S72)) -> 46643 | U72: 46167 | V72: FAVORABLE MAINT | W72: =YEARFRAC(I72,U72,1) -> 26.899384 | X72: =IF(L72<40,"4",IF(L72<55,"3",IF(Tableau3[[#This Row],[Fonction]]="conducteur de ligne","1","2"))) -> 4 | Y72: =EDATE(U72, (12*X72)) -> 47628 | Z72: 46017 | AA72: =IF(Tableau3[[#This Row],[Date prochaine évaluation]]> TODAY(),"Réussi","Examen expiré") -> Réussi | AB72: =EDATE(Z72, 12) -> 46382 | AC72: =EDATE(AA72, 12) -> #VALUE!
B73: KHARBOUCH AYOUB | C73: 46253M | D73: kenitra | E73: 44945 | F73: =IF(Tableau3[[#This Row],[Date d''expiration ]]>TODAY()+31,"✅",IF(Tableau3[[#This Row],[Date d''expiration ]]> TODAY()+1, "⚠️","⛔️")) -> ✅ | G73: =MIN(T73,Y73,AB73) -> 46396 | H73: =IF( Tableau3[[#This Row],[Date d''expiration ]]>TODAY(),"Néant","Cas à justifier") -> Néant | I73: 36207 | J73: =YEARFRAC(I73,TODAY(),1) -> 27.55373 | K73: =YEARFRAC(I73,RG_DRH_S1_008!$E$4,1) -> 26.871324 | L73: =YEARFRAC(I73,RG_DRH_S1_008!$E$5,1) -> 27.871321 | M73: Chef de Train | N73: DH400, DH350 | O73: Fès - Oujda | P73: 45175 | Q73: Apte classe 1 | R73: =YEARFRAC(I73,P73,1) -> 24.553718 | S73: =IF(L73<40,"4",IF(L73<50,"3",IF(L73<55,IF(Tableau3[[#This Row],[Fonction]]="Conducteur de ligne","2","3"),"1"))) -> 4 | T73: =EDATE(P73, (12*S73)) -> 46636 | U73: 46174 | V73: FAVORABLE MAINT | W73: =YEARFRAC(I73,U73,1) -> 27.288159 | X73: =IF(L73<40,"4",IF(L73<55,"3",IF(Tableau3[[#This Row],[Fonction]]="conducteur de ligne","1","2"))) -> 4 | Y73: =EDATE(U73, (12*X73)) -> 47635 | Z73: 46031 | AA73: =IF(Tableau3[[#This Row],[Date prochaine évaluation]]> TODAY(),"Réussi","Examen expiré") -> Réussi | AB73: =EDATE(Z73, 12) -> 46396 | AC73: =EDATE(AA73, 12) -> #VALUE!
B74: RADOUANE MAROUANE | C74: 45894K | D74: Kénitra | F74: =IF(Tableau3[[#This Row],[Date d''expiration ]]>TODAY()+31,"✅",IF(Tableau3[[#This Row],[Date d''expiration ]]> TODAY()+1, "⚠️","⛔️")) -> ⛔️ | G74: =MIN(T74,Y74,AB74) -> 46153 | H74: =IF( Tableau3[[#This Row],[Date d''expiration ]]>TODAY(),"Néant","Cas à justifier") -> Cas à justifier | I74: 36708 | J74: =YEARFRAC(I74,TODAY(),1) -> 26.181403 | K74: =YEARFRAC(I74,RG_DRH_S1_008!$E$4,1) -> 25.499 | L74: =YEARFRAC(I74,RG_DRH_S1_008!$E$5,1) -> 26.498986 | M74: Chef de Train | N74: Z2M, E1300, E1250, DH400, DH350, E1400, E1450 | O74: Fès - Casa, Casa-Kenitra, Casa-Tanger , Casa-Marrakech | P74: 44692 | Q74: Apte classe 1 | R74: =YEARFRAC(I74,P74,1) -> 21.85835 | S74: =IF(L74<40,"4",IF(L74<50,"3",IF(L74<55,IF(Tableau3[[#This Row],[Fonction]]="Conducteur de ligne","2","3"),"1"))) -> 4 | T74: =EDATE(P74, (12*S74)) -> 46153 | U74: 45866 | V74: FAVORABLE MAINT | W74: =YEARFRAC(I74,U74,1) -> 25.071917 | X74: =IF(L74<40,"4",IF(L74<55,"3",IF(Tableau3[[#This Row],[Fonction]]="conducteur de ligne","1","2"))) -> 4 | Y74: =EDATE(U74, (12*X74)) -> 47327 | Z74: 46056 | AA74: =IF(Tableau3[[#This Row],[Date prochaine évaluation]]> TODAY(),"Réussi","Examen expiré") -> Réussi | AB74: =EDATE(Z74, 12) -> 46421 | AC74: =EDATE(AA74, 12) -> #VALUE!
B75: IBNO-EL FATA YASSINE | C75: c45870G | D75: Kénitra | F75: =IF(Tableau3[[#This Row],[Date d''expiration ]]>TODAY()+31,"✅",IF(Tableau3[[#This Row],[Date d''expiration ]]> TODAY()+1, "⚠️","⛔️")) -> ✅ | G75: =MIN(T75,Y75,AB75) -> 46388 | H75: =IF( Tableau3[[#This Row],[Date d''expiration ]]>TODAY(),"Néant","Cas à justifier") -> Néant | I75: 36778 | J75: =YEARFRAC(I75,TODAY(),1) -> 25.989759 | K75: =YEARFRAC(I75,RG_DRH_S1_008!$E$4,1) -> 25.30736 | L75: =YEARFRAC(I75,RG_DRH_S1_008!$E$5,1) -> 26.307341 | M75: Chef de Train | N75: Z2M, E1300, E1250, DH400, DH350, E1400, E1450 | O75: Fès - Casa, Casa-Kenitra, Casa-Tanger , Casa-Marrakech, Casa-Eljadida | P75: 46188 | Q75: Apte classe 1 | R75: =YEARFRAC(I75,P75,1) -> 25.762523 | S75: =IF(L75<40,"4",IF(L75<50,"3",IF(L75<55,IF(Tableau3[[#This Row],[Fonction]]="Conducteur de ligne","2","3"),"1"))) -> 4 | T75: =EDATE(P75, (12*S75)) -> 47649 | U75: 45847 | V75: FAVORABLE MAINT | W75: =YEARFRAC(I75,U75,1) -> 24.828262 | X75: =IF(L75<40,"4",IF(L75<55,"3",IF(Tableau3[[#This Row],[Fonction]]="conducteur de ligne","1","2"))) -> 4 | Y75: =EDATE(U75, (12*X75)) -> 47308 | Z75: 46023 | AA75: =IF(Tableau3[[#This Row],[Date prochaine évaluation]]> TODAY(),"Réussi","Examen expiré") -> Réussi | AB75: =EDATE(Z75, 12) -> 46388 | AC75: =EDATE(AA75, 12) -> #VALUE!
B76: FARID ADIL | C76: 85655W | D76: Kénitra | F76: =IF(Tableau3[[#This Row],[Date d''expiration ]]>TODAY()+31,"✅",IF(Tableau3[[#This Row],[Date d''expiration ]]> TODAY()+1, "⚠️","⛔️")) -> ✅ | G76: =MIN(T76,Y76,AB76) -> 46493 | H76: =IF( Tableau3[[#This Row],[Date d''expiration ]]>TODAY(),"Néant","Cas à justifier") -> Néant | I76: 29910 | J76: =YEARFRAC(I76,TODAY(),1) -> 44.79531 | K76: =YEARFRAC(I76,RG_DRH_S1_008!$E$4,1) -> 44.112923 | L76: =YEARFRAC(I76,RG_DRH_S1_008!$E$5,1) -> 45.11291 | M76: Chef de Train | N76: Z2M | O76: Casa-Kenitra | P76: 45398 | Q76: Apte classe 1 | R76: =YEARFRAC(I76,P76,1) -> 42.403833 | S76: =IF(L76<40,"4",IF(L76<50,"3",IF(L76<55,IF(Tableau3[[#This Row],[Fonction]]="Conducteur de ligne","2","3"),"1"))) -> 3 | T76: =EDATE(P76, (12*S76)) -> 46493 | U76: 45993 | V76: FAVORABLE MAINT | W76: =YEARFRAC(I76,U76,1) -> 44.033524 | X76: =IF(L76<40,"4",IF(L76<55,"3",IF(Tableau3[[#This Row],[Fonction]]="conducteur de ligne","1","2"))) -> 3 | Y76: =EDATE(U76, (12*X76)) -> 47089 | Z76: 46156 | AA76: =IF(Tableau3[[#This Row],[Date prochaine évaluation]]> TODAY(),"Réussi","Examen expiré") -> Réussi | AB76: =EDATE(Z76, 12) -> 46521 | AC76: =EDATE(AA76, 12) -> #VALUE!
B77: ER-ROUIAH KHALID | C77: 85518G | D77: Kénitra | F77: =IF(Tableau3[[#This Row],[Date d''expiration ]]>TODAY()+31,"✅",IF(Tableau3[[#This Row],[Date d''expiration ]]> TODAY()+1, "⚠️","⛔️")) -> ✅ | G77: =MIN(T77,Y77,AB77) -> 46496 | H77: =IF( Tableau3[[#This Row],[Date d''expiration ]]>TODAY(),"Néant","Cas à justifier") -> Néant | I77: 29494 | J77: =YEARFRAC(I77,TODAY(),1) -> 45.932254 | K77: =YEARFRAC(I77,RG_DRH_S1_008!$E$4,1) -> 45.249851 | L77: =YEARFRAC(I77,RG_DRH_S1_008!$E$5,1) -> 46.24984 | M77: Chef de Train | N77: Z2M | O77: Casa-Kenitra | P77: 45719 | Q77: Apte classe 1 | R77: =YEARFRAC(I77,P77,1) -> 44.420307 | S77: =IF(L77<40,"4",IF(L77<50,"3",IF(L77<55,IF(Tableau3[[#This Row],[Fonction]]="Conducteur de ligne","2","3"),"1"))) -> 3 | T77: =EDATE(P77, (12*S77)) -> 46815 | U77: 45867 | V77: FAVORABLE MAINT | W77: =YEARFRAC(I77,U77,1) -> 44.825497 | X77: =IF(L77<40,"4",IF(L77<55,"3",IF(Tableau3[[#This Row],[Fonction]]="conducteur de ligne","1","2"))) -> 3 | Y77: =EDATE(U77, (12*X77)) -> 46963 | Z77: 46131 | AA77: =IF(Tableau3[[#This Row],[Date prochaine évaluation]]> TODAY(),"Réussi","Examen expiré") -> Réussi | AB77: =EDATE(Z77, 12) -> 46496 | AC77: =EDATE(AA77, 12) -> #VALUE!
B78: EL OTMANI ACHRAF | C78: 45855N | D78: Kénitra | F78: =IF(Tableau3[[#This Row],[Date d''expiration ]]>TODAY()+31,"✅",IF(Tableau3[[#This Row],[Date d''expiration ]]> TODAY()+1, "⚠️","⛔️")) -> ⚠️ | G78: =MIN(T78,Y78,AB78) -> 46301 | H78: =IF( Tableau3[[#This Row],[Date d''expiration ]]>TODAY(),"Néant","Cas à justifier") -> Néant | I78: 35896 | J78: =YEARFRAC(I78,TODAY(),1) -> 28.405872 | K78: =YEARFRAC(I78,RG_DRH_S1_008!$E$4,1) -> 27.723477 | L78: =YEARFRAC(I78,RG_DRH_S1_008!$E$5,1) -> 28.723471 | M78: Chef de Train | N78: Z2M, E1300, E1250, DH400, DH350, E1400, E1450 | O78: Fès - Casa, Casa-Kenitra, Casa-Tanger , Casa-Marrakech, Casa-Eljadida | P78: 44840 | Q78: Apte classe 1 | R78: =YEARFRAC(I78,P78,1) -> 24.488008 | S78: =IF(L78<40,"4",IF(L78<50,"3",IF(L78<55,IF(Tableau3[[#This Row],[Fonction]]="Conducteur de ligne","2","3"),"1"))) -> 4 | T78: =EDATE(P78, (12*S78)) -> 46301 | U78: 45897 | V78: FAVORABLE MAINT | W78: =YEARFRAC(I78,U78,1) -> 27.381246 | X78: =IF(L78<40,"4",IF(L78<55,"3",IF(Tableau3[[#This Row],[Fonction]]="conducteur de ligne","1","2"))) -> 4 | Y78: =EDATE(U78, (12*X78)) -> 47358 | Z78: 46041 | AA78: =IF(Tableau3[[#This Row],[Date prochaine évaluation]]> TODAY(),"Réussi","Examen expiré") -> Réussi | AB78: =EDATE(Z78, 12) -> 46406 | AC78: =EDATE(AA78, 12) -> #VALUE!
B79: EL MITARI MOURAD | C79: 41400K | D79: Kénitra | F79: =IF(Tableau3[[#This Row],[Date d''expiration ]]>TODAY()+31,"✅",IF(Tableau3[[#This Row],[Date d''expiration ]]> TODAY()+1, "⚠️","⛔️")) -> ⛔️ | G79: =MIN(T79,Y79,AB79) -> 46272 | H79: =IF( Tableau3[[#This Row],[Date d''expiration ]]>TODAY(),"Néant","Cas à justifier") -> Néant | I79: 26870 | J79: =YEARFRAC(I79,TODAY(),1) -> 53.11839 | K79: =YEARFRAC(I79,RG_DRH_S1_008!$E$4,1) -> 52.435995 | L79: =YEARFRAC(I79,RG_DRH_S1_008!$E$5,1) -> 53.435988 | M79: Chef de Train | N79: E1450, E1400, E1300, E1250 | O79: Fès - Casa, Casa-Kenitra, Casa-Tanger , Casa-Marrakech | P79: 46136 | Q79: Apte classe 1 | R79: =YEARFRAC(I79,P79,1) -> 52.74877 | S79: =IF(L79<40,"4",IF(L79<50,"3",IF(L79<55,IF(Tableau3[[#This Row],[Fonction]]="Conducteur de ligne","2","3"),"1"))) -> 3 | T79: =EDATE(P79, (12*S79)) -> 47232 | U79: 45793 | V79: FAVORABLE MAINT | W79: =YEARFRAC(I79,U79,1) -> 51.80902 | X79: =IF(L79<40,"4",IF(L79<55,"3",IF(Tableau3[[#This Row],[Fonction]]="conducteur de ligne","1","2"))) -> 3 | Y79: =EDATE(U79, (12*X79)) -> 46889 | Z79: 45907 | AA79: =IF(Tableau3[[#This Row],[Date prochaine évaluation]]> TODAY(),"Réussi","Examen expiré") -> Réussi | AB79: =EDATE(Z79, 12) -> 46272 | AC79: =EDATE(AA79, 12) -> #VALUE!
B80: EL KHAYATI MOHAMMED | C80: 45854M | D80: Kénitra | F80: =IF(Tableau3[[#This Row],[Date d''expiration ]]>TODAY()+31,"✅",IF(Tableau3[[#This Row],[Date d''expiration ]]> TODAY()+1, "⚠️","⛔️")) -> ✅ | G80: =MIN(T80,Y80,AB80) -> 46315 | H80: =IF( Tableau3[[#This Row],[Date d''expiration ]]>TODAY(),"Néant","Cas à justifier") -> Néant | I80: 35833 | J80: =YEARFRAC(I80,TODAY(),1) -> 28.578361 | K80: =YEARFRAC(I80,RG_DRH_S1_008!$E$4,1) -> 27.895962 | L80: =YEARFRAC(I80,RG_DRH_S1_008!$E$5,1) -> 28.895959 | M80: Chef de Train | N80: Z2M, E1300, E1250, DH400, DH350, E1400, E1450 | O80: Fès - Casa, Casa-Kenitra, Casa-Tanger , Casa-Marrakech | P80: 44854 | Q80: Apte classe 1 | R80: =YEARFRAC(I80,P80,1) -> 24.698828 | S80: =IF(L80<40,"4",IF(L80<50,"3",IF(L80<55,IF(Tableau3[[#This Row],[Fonction]]="Conducteur de ligne","2","3"),"1"))) -> 4 | T80: =EDATE(P80, (12*S80)) -> 46315 | U80: 45832 | V80: FAVORABLE MAINT | W80: =YEARFRAC(I80,U80,1) -> 27.37577 | X80: =IF(L80<40,"4",IF(L80<55,"3",IF(Tableau3[[#This Row],[Fonction]]="conducteur de ligne","1","2"))) -> 4 | Y80: =EDATE(U80, (12*X80)) -> 47293 | Z80: 46050 | AA80: =IF(Tableau3[[#This Row],[Date prochaine évaluation]]> TODAY(),"Réussi","Examen expiré") -> Réussi | AB80: =EDATE(Z80, 12) -> 46415 | AC80: =EDATE(AA80, 12) -> #VALUE!
B81: EL KARTI AYOUB | C81: 46485N | D81: Kénitra | F81: =IF(Tableau3[[#This Row],[Date d''expiration ]]>TODAY()+31,"✅",IF(Tableau3[[#This Row],[Date d''expiration ]]> TODAY()+1, "⚠️","⛔️")) -> ⚠️ | G81: =MIN(T81,Y81,AB81) -> 46274 | H81: =IF( Tableau3[[#This Row],[Date d''expiration ]]>TODAY(),"Néant","Cas à justifier") -> Néant | I81: 35627 | J81: =YEARFRAC(I81,TODAY(),1) -> 29.143014 | K81: =YEARFRAC(I81,RG_DRH_S1_008!$E$4,1) -> 28.460631 | L81: =YEARFRAC(I81,RG_DRH_S1_008!$E$5,1) -> 29.460619 | M81: Chef de Train | N81: Z2M, E1300, E1250, DH400, DH350, E1400, E1450 | O81: Fès - Casa, Casa-Kenitra, Casa-Tanger , Casa-Marrakech | P81: 45121 | Q81: Apte classe 1 | R81: =YEARFRAC(I81,P81,1) -> 25.995132 | S81: =IF(L81<40,"4",IF(L81<50,"3",IF(L81<55,IF(Tableau3[[#This Row],[Fonction]]="Conducteur de ligne","2","3"),"1"))) -> 4 | T81: =EDATE(P81, (12*S81)) -> 46582 | U81: 44813 | V81: FAVORABLE MAINT | W81: =YEARFRAC(I81,U81,1) -> 25.151222 | X81: =IF(L81<40,"4",IF(L81<55,"3",IF(Tableau3[[#This Row],[Fonction]]="conducteur de ligne","1","2"))) -> 4 | Y81: =EDATE(U81, (12*X81)) -> 46274 | Z81: 46160 | AA81: =IF(Tableau3[[#This Row],[Date prochaine évaluation]]> TODAY(),"Réussi","Examen expiré") -> Réussi | AB81: =EDATE(Z81, 12) -> 46525 | AC81: =EDATE(AA81, 12) -> #VALUE!
B82: EL BACHA SOUFIANE | C82: 46959D | D82: COA | F82: =IF(Tableau3[[#This Row],[Date d''expiration ]]>TODAY()+31,"✅",IF(Tableau3[[#This Row],[Date d''expiration ]]> TODAY()+1, "⚠️","⛔️")) -> ✅ | G82: =MIN(T82,Y82,AB82) -> 46548 | H82: =IF( Tableau3[[#This Row],[Date d''expiration ]]>TODAY(),"Néant","Cas à justifier") -> Néant | I82: 36836 | J82: =YEARFRAC(I82,TODAY(),1) -> 25.830967 | K82: =YEARFRAC(I82,RG_DRH_S1_008!$E$4,1) -> 25.148573 | L82: =YEARFRAC(I82,RG_DRH_S1_008!$E$5,1) -> 26.14855 | M82: Chef de Train | N82: Z2M, E1300, E1250, DH400, DH350, E1400, E1450 | O82: Fès - Casa, Casa-Kenitra, Casa-Tanger , Casa-Marrakech | P82: 45621 | Q82: Apte classe 1 | R82: =YEARFRAC(I82,P82,1) -> 24.050044 | S82: =IF(L82<40,"4",IF(L82<50,"3",IF(L82<55,IF(Tableau3[[#This Row],[Fonction]]="Conducteur de ligne","2","3"),"1"))) -> 4 | T82: =EDATE(P82, (12*S82)) -> 47082 | U82: 45986 | V82: FAVORABLE MAINT | W82: =YEARFRAC(I82,U82,1) -> 25.050016 | X82: =IF(L82<40,"4",IF(L82<55,"3",IF(Tableau3[[#This Row],[Fonction]]="conducteur de ligne","1","2"))) -> 4 | Y82: =EDATE(U82, (12*X82)) -> 47447 | Z82: 46183 | AA82: =IF(Tableau3[[#This Row],[Date prochaine évaluation]]> TODAY(),"Réussi","Examen expiré") -> Réussi | AB82: =EDATE(Z82, 12) -> 46548 | AC82: =EDATE(AA82, 12) -> #VALUE!
B83: CHKHACHKHI BADR | C83: 45397T | D83: Kénitra | F83: =IF(Tableau3[[#This Row],[Date d''expiration ]]>TODAY()+31,"✅",IF(Tableau3[[#This Row],[Date d''expiration ]]> TODAY()+1, "⚠️","⛔️")) -> ⚠️ | G83: =MIN(T83,Y83,AB83) -> 46279 | I83: 34817 | J83: =YEARFRAC(I83,TODAY(),1) -> 31.359343 | K83: =YEARFRAC(I83,RG_DRH_S1_008!$E$4,1) -> 30.676941 | L83: =YEARFRAC(I83,RG_DRH_S1_008!$E$5,1) -> 31.676934 | M83: Chef de Train | N83: Z2M, E1300, E1250, DH400, DH350, E1400, E1450 | O83: Fès - Casa, Casa-Kenitra, Casa-Tanger , Casa-Marrakech | P83: 45314 | Q83: Apte classe 1 | R83: =YEARFRAC(I83,P83,1) -> 28.737908 | S83: =IF(L83<40,"4",IF(L83<50,"3",IF(L83<55,IF(Tableau3[[#This Row],[Fonction]]="Conducteur de ligne","2","3"),"1"))) -> 4 | T83: =EDATE(P83, (12*S83)) -> 46775 | U83: 45723 | V83: FAVORABLE MAINT | W83: =YEARFRAC(I83,U83,1) -> 29.858341 | X83: =IF(L83<40,"4",IF(L83<55,"3",IF(Tableau3[[#This Row],[Fonction]]="conducteur de ligne","1","2"))) -> 4 | Y83: =EDATE(U83, (12*X83)) -> 47184 | Z83: 45914 | AA83: =IF(Tableau3[[#This Row],[Date prochaine évaluation]]> TODAY(),"Réussi","Examen expiré") -> Réussi | AB83: =EDATE(Z83, 12) -> 46279 | AC83: =EDATE(AA83, 12) -> #VALUE!
B84: CHAMI OMAR | C84: 40597E | D84: Kénitra | F84: =IF(Tableau3[[#This Row],[Date d''expiration ]]>TODAY()+31,"✅",IF(Tableau3[[#This Row],[Date d''expiration ]]> TODAY()+1, "⚠️","⛔️")) -> ⚠️ | G84: =MIN(T84,Y84,AB84) -> 46275 | H84: =IF( Tableau3[[#This Row],[Date d''expiration ]]>TODAY(),"Néant","Cas à justifier") -> Néant | I84: 25020 | J84: =YEARFRAC(I84,TODAY(),1) -> 58.181392 | K84: =YEARFRAC(I84,RG_DRH_S1_008!$E$4,1) -> 57.498985 | L84: =YEARFRAC(I84,RG_DRH_S1_008!$E$5,1) -> 58.498979 | M84: Chef de Train | N84: Z2M | O84: Casa-Kenitra | P84: 46105 | Q84: Apte classe 1 | R84: =YEARFRAC(I84,P84,1) -> 57.726914 | S84: =IF(L84<40,"4",IF(L84<50,"3",IF(L84<55,IF(Tableau3[[#This Row],[Fonction]]="Conducteur de ligne","2","3"),"1"))) -> 1 | T84: =EDATE(P84, (12*S84)) -> 46470 | U84: 46023 | V84: FAVORABLE MAINT | W84: =YEARFRAC(I84,U84,1) -> 57.502413 | X84: =IF(L84<40,"4",IF(L84<55,"3",IF(Tableau3[[#This Row],[Fonction]]="conducteur de ligne","1","2"))) -> 2 | Y84: =EDATE(U84, (12*X84)) -> 46753 | Z84: 45910 | AA84: =IF(Tableau3[[#This Row],[Date prochaine évaluation]]> TODAY(),"Réussi","Examen expiré") -> Réussi | AB84: =EDATE(Z84, 12) -> 46275 | AC84: =EDATE(AA84, 12) -> #VALUE!
B85: BELHAJ ELYAZID | C85: 46819L | D85: Kénitra | F85: =IF(Tableau3[[#This Row],[Date d''expiration ]]>TODAY()+31,"✅",IF(Tableau3[[#This Row],[Date d''expiration ]]> TODAY()+1, "⚠️","⛔️")) -> ✅ | G85: =MIN(T85,Y85,AB85) -> 46322 | H85: =IF( Tableau3[[#This Row],[Date d''expiration ]]>TODAY(),"Néant","Cas à justifier") -> Néant | I85: 36222 | J85: =YEARFRAC(I85,TODAY(),1) -> 27.512663 | K85: =YEARFRAC(I85,RG_DRH_S1_008!$E$4,1) -> 26.830258 | L85: =YEARFRAC(I85,RG_DRH_S1_008!$E$5,1) -> 27.830253 | M85: Chef de Train | N85: Z2M, E1300, E1250, DH400, DH350, E1400, E1450 | O85: Fès - Casa, Casa-Kenitra, Casa-Tanger , Casa-Marrakech | P85: 45345 | Q85: Apte classe 1 | R85: =YEARFRAC(I85,P85,1) -> 24.976098 | S85: =IF(L85<40,"4",IF(L85<50,"3",IF(L85<55,IF(Tableau3[[#This Row],[Fonction]]="Conducteur de ligne","2","3"),"1"))) -> 4 | T85: =EDATE(P85, (12*S85)) -> 46806 | U85: 44984 | V85: FAVORABLE MAINT | W85: =YEARFRAC(I85,U85,1) -> 23.989705 | X85: =IF(L85<40,"4",IF(L85<55,"3",IF(Tableau3[[#This Row],[Fonction]]="conducteur de ligne","1","2"))) -> 4 | Y85: =EDATE(U85, (12*X85)) -> 46445 | Z85: 45957 | AA85: =IF(Tableau3[[#This Row],[Date prochaine évaluation]]> TODAY(),"Réussi","Examen expiré") -> Réussi | AB85: =EDATE(Z85, 12) -> 46322 | AC85: =EDATE(AA85, 12) -> #VALUE!
B86: BAKAOUI MOURAD | C86: 85536D | D86: Kénitra | F86: =IF(Tableau3[[#This Row],[Date d''expiration ]]>TODAY()+31,"✅",IF(Tableau3[[#This Row],[Date d''expiration ]]> TODAY()+1, "⚠️","⛔️")) -> ✅ | G86: =MIN(T86,Y86,AB86) -> 46458 | H86: =IF( Tableau3[[#This Row],[Date d''expiration ]]>TODAY(),"Néant","Cas à justifier") -> Néant | I86: 28219 | J86: =YEARFRAC(I86,TODAY(),1) -> 49.425036 | K86: =YEARFRAC(I86,RG_DRH_S1_008!$E$4,1) -> 48.742638 | L86: =YEARFRAC(I86,RG_DRH_S1_008!$E$5,1) -> 49.742635 | M86: Chef de Train | N86: Z2M | O86: Casa-Kenitra | P86: 45642 | Q86: Apte classe 1 | R86: =YEARFRAC(I86,P86,1) -> 47.701574 | S86: =IF(L86<40,"4",IF(L86<50,"3",IF(L86<55,IF(Tableau3[[#This Row],[Fonction]]="Conducteur de ligne","2","3"),"1"))) -> 3 | T86: =EDATE(P86, (12*S86)) -> 46737 | U86: 45734 | V86: FAVORABLE MAINT | W86: =YEARFRAC(I86,U86,1) -> 47.954126 | X86: =IF(L86<40,"4",IF(L86<55,"3",IF(Tableau3[[#This Row],[Fonction]]="conducteur de ligne","1","2"))) -> 3 | Y86: =EDATE(U86, (12*X86)) -> 46830 | Z86: 46093 | AA86: =IF(Tableau3[[#This Row],[Date prochaine évaluation]]> TODAY(),"Réussi","Examen expiré") -> Réussi | AB86: =EDATE(Z86, 12) -> 46458 | AC86: =EDATE(AA86, 12) -> #VALUE!
B87: BADRI HICHAM | C87: 46468T | D87: Kénitra | F87: =IF(Tableau3[[#This Row],[Date d''expiration ]]>TODAY()+31,"✅",IF(Tableau3[[#This Row],[Date d''expiration ]]> TODAY()+1, "⚠️","⛔️")) -> ⛔️ | G87: =MIN(T87,Y87,AB87) -> 46270 | H87: =IF( Tableau3[[#This Row],[Date d''expiration ]]>TODAY(),"Néant","Cas à justifier") -> Cas à justifier | I87: 35471 | J87: =YEARFRAC(I87,TODAY(),1) -> 29.570138 | K87: =YEARFRAC(I87,RG_DRH_S1_008!$E$4,1) -> 28.887745 | L87: =YEARFRAC(I87,RG_DRH_S1_008!$E$5,1) -> 29.887743 | M87: Chef de Train | N87: Z2M, E1300, E1250, DH400, DH350, E1400, E1450 | O87: Fès - Casa, Casa-Kenitra, Casa-Tanger , Casa-Marrakech, Casa-Eljadida | P87: 45110 | Q87: Apte classe 1 | R87: =YEARFRAC(I87,P87,1) -> 26.392151 | S87: =IF(L87<40,"4",IF(L87<50,"3",IF(L87<55,IF(Tableau3[[#This Row],[Fonction]]="Conducteur de ligne","2","3"),"1"))) -> 4 | T87: =EDATE(P87, (12*S87)) -> 46571 | U87: 44809 | V87: FAVORABLE MAINT | W87: =YEARFRAC(I87,U87,1) -> 25.567397 | X87: =IF(L87<40,"4",IF(L87<55,"3",IF(Tableau3[[#This Row],[Fonction]]="conducteur de ligne","1","2"))) -> 4 | Y87: =EDATE(U87, (12*X87)) -> 46270 | Z87: 46144 | AA87: =IF(Tableau3[[#This Row],[Date prochaine évaluation]]> TODAY(),"Réussi","Examen expiré") -> Réussi | AB87: =EDATE(Z87, 12) -> 46509 | AC87: =EDATE(AA87, 12) -> #VALUE!
B88: AKARBACH LAHCEN | C88: 85499J | D88: Kénitra | F88: =IF(Tableau3[[#This Row],[Date d''expiration ]]>TODAY()+31,"✅",IF(Tableau3[[#This Row],[Date d''expiration ]]> TODAY()+1, "⚠️","⛔️")) -> ✅ | G88: =MIN(T88,Y88,AB88) -> 46430 | H88: =IF( Tableau3[[#This Row],[Date d''expiration ]]>TODAY(),"Néant","Cas à justifier") -> Néant | I88: 27494 | J88: =YEARFRAC(I88,TODAY(),1) -> 51.408624 | K88: =YEARFRAC(I88,RG_DRH_S1_008!$E$4,1) -> 50.726219 | L88: =YEARFRAC(I88,RG_DRH_S1_008!$E$5,1) -> 51.726215 | M88: Chef de Train | N88: Z2M | O88: Casa-Kenitra | P88: 45853 | Q88: Apte classe 1 | R88: =YEARFRAC(I88,P88,1) -> 50.263528 | S88: =IF(L88<40,"4",IF(L88<50,"3",IF(L88<55,IF(Tableau3[[#This Row],[Fonction]]="Conducteur de ligne","2","3"),"1"))) -> 3 | T88: =EDATE(P88, (12*S88)) -> 46949 | U88: 45751 | V88: FAVORABLE MAINT | W88: =YEARFRAC(I88,U88,1) -> 49.984271 | X88: =IF(L88<40,"4",IF(L88<55,"3",IF(Tableau3[[#This Row],[Fonction]]="conducteur de ligne","1","2"))) -> 3 | Y88: =EDATE(U88, (12*X88)) -> 46847 | Z88: 46065 | AA88: =IF(Tableau3[[#This Row],[Date prochaine évaluation]]> TODAY(),"Réussi","Examen expiré") -> Réussi | AB88: =EDATE(Z88, 12) -> 46430 | AC88: =EDATE(AA88, 12) -> #VALUE!
B89: AIT FARESS SMAIL | C89: 42427H | D89: Kénitra | F89: =IF(Tableau3[[#This Row],[Date d''expiration ]]>TODAY()+31,"✅",IF(Tableau3[[#This Row],[Date d''expiration ]]> TODAY()+1, "⚠️","⛔️")) -> ✅ | G89: =MIN(T89,Y89,AB89) -> 46499 | H89: =IF( Tableau3[[#This Row],[Date d''expiration ]]>TODAY(),"Néant","Cas à justifier") -> Néant | I89: 31818 | J89: =YEARFRAC(I89,TODAY(),1) -> 39.570157 | K89: =YEARFRAC(I89,RG_DRH_S1_008!$E$4,1) -> 38.88775 | L89: =YEARFRAC(I89,RG_DRH_S1_008!$E$5,1) -> 39.887748 | M89: Chef de Train | N89: Z2M, E1300, E1250, DH400, DH350, E1400, E1450 | O89: Fès - Casa, Casa-Kenitra, Casa-Tanger , Casa-Marrakech | P89: 46188 | Q89: Apte classe 1 | R89: =YEARFRAC(I89,P89,1) -> 39.342916 | S89: =IF(L89<40,"4",IF(L89<50,"3",IF(L89<55,IF(Tableau3[[#This Row],[Fonction]]="Conducteur de ligne","2","3"),"1"))) -> 4 | T89: =EDATE(P89, (12*S89)) -> 47649 | U89: 45993 | V89: FAVORABLE MAINT | W89: =YEARFRAC(I89,U89,1) -> 38.808354 | X89: =IF(L89<40,"4",IF(L89<55,"3",IF(Tableau3[[#This Row],[Fonction]]="conducteur de ligne","1","2"))) -> 4 | Y89: =EDATE(U89, (12*X89)) -> 47454 | Z89: 46134 | AA89: =IF(Tableau3[[#This Row],[Date prochaine évaluation]]> TODAY(),"Réussi","Examen expiré") -> Réussi | AB89: =EDATE(Z89, 12) -> 46499 | AC89: =EDATE(AA89, 12) -> #VALUE!
B90: YASSINE HASSAN | C90: 40660E | D90: Kénitra | F90: =IF(Tableau3[[#This Row],[Date d''expiration ]]>TODAY()+31,"✅",IF(Tableau3[[#This Row],[Date d''expiration ]]> TODAY()+1, "⚠️","⛔️")) -> ⚠️ | G90: =MIN(T90,Y90,AB90) -> 46283 | H90: =IF( Tableau3[[#This Row],[Date d''expiration ]]>TODAY(),"Néant","Cas à justifier") -> Néant | I90: 25462 | J90: =YEARFRAC(I90,TODAY(),1) -> 56.973282 | K90: =YEARFRAC(I90,RG_DRH_S1_008!$E$4,1) -> 56.290888 | L90: =YEARFRAC(I90,RG_DRH_S1_008!$E$5,1) -> 57.29088 | M90: Chef de Train | N90: Z2M | O90: Casa-Kenitra | P90: 46083 | Q90: Apte classe 1 | R90: =YEARFRAC(I90,P90,1) -> 56.458554 | S90: =IF(L90<40,"4",IF(L90<50,"3",IF(L90<55,IF(Tableau3[[#This Row],[Fonction]]="Conducteur de ligne","2","3"),"1"))) -> 1 | T90: =EDATE(P90, (12*S90)) -> 46448 | U90: 45716 | V90: FAVORABLE MAINT | W90: =YEARFRAC(I90,U90,1) -> 55.453096 | X90: =IF(L90<40,"4",IF(L90<55,"3",IF(Tableau3[[#This Row],[Fonction]]="conducteur de ligne","1","2"))) -> 2 | Y90: =EDATE(U90, (12*X90)) -> 46446 | Z90: 45918 | AA90: =IF(Tableau3[[#This Row],[Date prochaine évaluation]]> TODAY(),"Réussi","Examen expiré") -> Réussi | AB90: =EDATE(Z90, 12) -> 46283 | AC90: =EDATE(AA90, 12) -> #VALUE!
B91: SIBARI MOHAMED | C91: 85608N | D91: Kénitra | F91: =IF(Tableau3[[#This Row],[Date d''expiration ]]>TODAY()+31,"✅",IF(Tableau3[[#This Row],[Date d''expiration ]]> TODAY()+1, "⚠️","⛔️")) -> ✅ | G91: =MIN(T91,Y91,AB91) -> 46408 | H91: =IF( Tableau3[[#This Row],[Date d''expiration ]]>TODAY(),"Néant","Cas à justifier") -> Néant | I91: 31959 | J91: =YEARFRAC(I91,TODAY(),1) -> 39.18412 | K91: =YEARFRAC(I91,RG_DRH_S1_008!$E$4,1) -> 38.50172 | L91: =YEARFRAC(I91,RG_DRH_S1_008!$E$5,1) -> 39.501711 | M91: Chef de Train | N91: Z2M | O91: Casa-Kenitra | P91: 45679 | Q91: Apte classe 1 | R91: =YEARFRAC(I91,P91,1) -> 37.562654 | S91: =IF(L91<40,"4",IF(L91<50,"3",IF(L91<55,IF(Tableau3[[#This Row],[Fonction]]="Conducteur de ligne","2","3"),"1"))) -> 4 | T91: =EDATE(P91, (12*S91)) -> 47140 | U91: 45730 | V91: FAVORABLE MAINT | W91: =YEARFRAC(I91,U91,1) -> 37.702282 | X91: =IF(L91<40,"4",IF(L91<55,"3",IF(Tableau3[[#This Row],[Fonction]]="conducteur de ligne","1","2"))) -> 4 | Y91: =EDATE(U91, (12*X91)) -> 47191 | Z91: 46043 | AA91: =IF(Tableau3[[#This Row],[Date prochaine évaluation]]> TODAY(),"Réussi","Examen expiré") -> Réussi | AB91: =EDATE(Z91, 12) -> 46408 | AC91: =EDATE(AA91, 12) -> #VALUE!
B92: MHAOUACH KAMAL | C92: 85641D | D92: Kénitra | F92: =IF(Tableau3[[#This Row],[Date d''expiration ]]>TODAY()+31,"✅",IF(Tableau3[[#This Row],[Date d''expiration ]]> TODAY()+1, "⚠️","⛔️")) -> ⚠️ | G92: =MIN(T92,Y92,AB92) -> 46298 | I92: 30029 | J92: =YEARFRAC(I92,TODAY(),1) -> 44.468849 | K92: =YEARFRAC(I92,RG_DRH_S1_008!$E$4,1) -> 43.786448 | L92: =YEARFRAC(I92,RG_DRH_S1_008!$E$5,1) -> 44.786444 | M92: Chef de Train | N92: Z2M | O92: Casa-Kenitra | P92: 45202 | Q92: Apte classe 1 | R92: =YEARFRAC(I92,P92,1) -> 41.542764 | S92: =IF(L92<40,"4",IF(L92<50,"3",IF(L92<55,IF(Tableau3[[#This Row],[Fonction]]="Conducteur de ligne","2","3"),"1"))) -> 3 | T92: =EDATE(P92, (12*S92)) -> 46298 | U92: 45727 | V92: FAVORABLE MAINT | W92: =YEARFRAC(I92,U92,1) -> 42.978782 | X92: =IF(L92<40,"4",IF(L92<55,"3",IF(Tableau3[[#This Row],[Fonction]]="conducteur de ligne","1","2"))) -> 3 | Y92: =EDATE(U92, (12*X92)) -> 46823 | Z92: 45939 | AA92: =IF(Tableau3[[#This Row],[Date prochaine évaluation]]> TODAY(),"Réussi","Examen expiré") -> Réussi | AB92: =EDATE(Z92, 12) -> 46304 | AC92: =EDATE(AA92, 12) -> #VALUE!
B93: LOUTFI EL MEHDI | C93: 45042X | D93: Kénitra | F93: =IF(Tableau3[[#This Row],[Date d''expiration ]]>TODAY()+31,"✅",IF(Tableau3[[#This Row],[Date d''expiration ]]> TODAY()+1, "⚠️","⛔️")) -> ✅ | G93: =MIN(T93,Y93,AB93) -> 46510 | H93: =IF( Tableau3[[#This Row],[Date d''expiration ]]>TODAY(),"Néant","Cas à justifier") -> Néant | I93: 35437 | J93: =YEARFRAC(I93,TODAY(),1) -> 29.663229 | K93: =YEARFRAC(I93,RG_DRH_S1_008!$E$4,1) -> 28.980835 | L93: =YEARFRAC(I93,RG_DRH_S1_008!$E$5,1) -> 29.980834 | M93: Chef de Train | N93: Z2M, E1300, E1250, DH400, DH350, E1400, E1450 | O93: Fès - Casa, Casa-Kenitra, Casa-Tanger , Casa-Marrakech, Casa-Eljadida | P93: 46182 | Q93: Apte classe 1 | R93: =YEARFRAC(I93,P93,1) -> 29.419549 | S93: =IF(L93<40,"4",IF(L93<50,"3",IF(L93<55,IF(Tableau3[[#This Row],[Fonction]]="Conducteur de ligne","2","3"),"1"))) -> 4 | T93: =EDATE(P93, (12*S93)) -> 47643 | U93: 45728 | V93: FAVORABLE MAINT | W93: =YEARFRAC(I93,U93,1) -> 28.175887 | X93: =IF(L93<40,"4",IF(L93<55,"3",IF(Tableau3[[#This Row],[Fonction]]="conducteur de ligne","1","2"))) -> 4 | Y93: =EDATE(U93, (12*X93)) -> 47189 | Z93: 46145 | AA93: =IF(Tableau3[[#This Row],[Date prochaine évaluation]]> TODAY(),"Réussi","Examen expiré") -> Réussi | AB93: =EDATE(Z93, 12) -> 46510 | AC93: =EDATE(AA93, 12) -> #VALUE!
B94: LHARTICH HASSAN | C94: 39844H | D94: Kénitra | F94: =IF(Tableau3[[#This Row],[Date d''expiration ]]>TODAY()+31,"✅",IF(Tableau3[[#This Row],[Date d''expiration ]]> TODAY()+1, "⚠️","⛔️")) -> ⛔️ | G94: =MIN(T94,Y94,AB94) -> 46272 | H94: =IF( Tableau3[[#This Row],[Date d''expiration ]]>TODAY(),"Néant","Cas à justifier") -> Néant | I94: 25448 | J94: =YEARFRAC(I94,TODAY(),1) -> 57.011613 | K94: =YEARFRAC(I94,RG_DRH_S1_008!$E$4,1) -> 56.329219 | L94: =YEARFRAC(I94,RG_DRH_S1_008!$E$5,1) -> 57.329211 | M94: Chef de Train | N94: Z2M, E1300, E1250, DH400, DH350, E1400, E1450 | O94: Fès - Casa, Casa-Kenitra, Casa-Tanger , Casa-Marrakech, Casa-Eljadida | P94: 46133 | Q94: Apte classe 1 | R94: =YEARFRAC(I94,P94,1) -> 56.63378 | S94: =IF(L94<40,"4",IF(L94<50,"3",IF(L94<55,IF(Tableau3[[#This Row],[Fonction]]="Conducteur de ligne","2","3"),"1"))) -> 1 | T94: =EDATE(P94, (12*S94)) -> 46498 | U94: 46129 | V94: FAVORABLE MAINT | W94: =YEARFRAC(I94,U94,1) -> 56.622829 | X94: =IF(L94<40,"4",IF(L94<55,"3",IF(Tableau3[[#This Row],[Fonction]]="conducteur de ligne","1","2"))) -> 2 | Y94: =EDATE(U94, (12*X94)) -> 46860 | Z94: 45907 | AA94: =IF(Tableau3[[#This Row],[Date prochaine évaluation]]> TODAY(),"Réussi","Examen expiré") -> Réussi | AB94: =EDATE(Z94, 12) -> 46272 | AC94: =EDATE(AA94, 12) -> #VALUE!
B95: HANNA NADIR | C95: 46496C | D95: Kénitra | F95: =IF(Tableau3[[#This Row],[Date d''expiration ]]>TODAY()+31,"✅",IF(Tableau3[[#This Row],[Date d''expiration ]]> TODAY()+1, "⚠️","⛔️")) -> ⚠️ | G95: =MIN(T95,Y95,AB95) -> 46278 | H95: =IF( Tableau3[[#This Row],[Date d''expiration ]]>TODAY(),"Néant","Cas à justifier") -> Néant | I95: 36609 | J95: =YEARFRAC(I95,TODAY(),1) -> 26.452444 | K95: =YEARFRAC(I95,RG_DRH_S1_008!$E$4,1) -> 25.770033 | L95: =YEARFRAC(I95,RG_DRH_S1_008!$E$5,1) -> 26.770026 | M95: Chef de Train | N95: Z2M, E1300, E1250, DH400, DH350, E1400, E1450 | O95: Fès - Casa, Casa-Kenitra, Casa-Tanger , Casa-Marrakech | P95: 45260 | Q95: Apte classe 1 | R95: =YEARFRAC(I95,P95,1) -> 23.685147 | S95: =IF(L95<40,"4",IF(L95<50,"3",IF(L95<55,IF(Tableau3[[#This Row],[Fonction]]="Conducteur de ligne","2","3"),"1"))) -> 4 | T95: =EDATE(P95, (12*S95)) -> 46721 | U95: 44817 | V95: FAVORABLE MAINT | W95: =YEARFRAC(I95,U95,1) -> 22.471611 | X95: =IF(L95<40,"4",IF(L95<55,"3",IF(Tableau3[[#This Row],[Fonction]]="conducteur de ligne","1","2"))) -> 4 | Y95: =EDATE(U95, (12*X95)) -> 46278 | Z95: 46129 | AA95: =IF(Tableau3[[#This Row],[Date prochaine évaluation]]> TODAY(),"Réussi","Examen expiré") -> Réussi | AB95: =EDATE(Z95, 12) -> 46494 | AC95: =EDATE(AA95, 12) -> #VALUE!
B96: HAMMAL SAID | C96: 45048D | D96: Kénitra | E96: 45841 | F96: =IF(Tableau3[[#This Row],[Date d''expiration ]]>TODAY()+31,"✅",IF(Tableau3[[#This Row],[Date d''expiration ]]> TODAY()+1, "⚠️","⛔️")) -> ✅ | G96: =MIN(T96,Y96,AB96) -> 46564 | H96: =IF( Tableau3[[#This Row],[Date d''expiration ]]>TODAY(),"Néant","Cas à justifier") -> Néant | I96: 34853 | J96: =YEARFRAC(I96,TODAY(),1) -> 31.26078 | K96: =YEARFRAC(I96,RG_DRH_S1_008!$E$4,1) -> 30.57838 | L96: =YEARFRAC(I96,RG_DRH_S1_008!$E$5,1) -> 31.578371 | M96: Conducteur de ligne | P96: 45191 | Q96: Apte classe 1 | R96: =YEARFRAC(I96,P96,1) -> 28.304569 | S96: =IF(L96<40,"4",IF(L96<50,"3",IF(L96<55,IF(Tableau3[[#This Row],[Fonction]]="Conducteur de ligne","2","3"),"1"))) -> 4 | T96: =EDATE(P96, (12*S96)) -> 46652 | U96: 45729 | V96: FAVORABLE MAINT | W96: =YEARFRAC(I96,U96,1) -> 29.776208 | X96: =IF(L96<40,"4",IF(L96<55,"3",IF(Tableau3[[#This Row],[Fonction]]="conducteur de ligne","1","2"))) -> 4 | Y96: =EDATE(U96, (12*X96)) -> 47190 | Z96: 46199 | AA96: =IF(Tableau3[[#This Row],[Date prochaine évaluation]]> TODAY(),"Réussi","Examen expiré") -> Réussi | AB96: =EDATE(Z96, 12) -> 46564 | AC96: =EDATE(AA96, 12) -> #VALUE!
B97: ERRAJI SOUHAYLA | C97: 47225W | D97: Kénitra | F97: =IF(Tableau3[[#This Row],[Date d''expiration ]]>TODAY()+31,"✅",IF(Tableau3[[#This Row],[Date d''expiration ]]> TODAY()+1, "⚠️","⛔️")) -> ✅ | G97: =MIN(T97,Y97,AB97) -> 46564 | H97: =IF( Tableau3[[#This Row],[Date d''expiration ]]>TODAY(),"Néant","Cas à justifier") -> Néant | I97: 36429 | J97: =YEARFRAC(I97,TODAY(),1) -> 26.945927 | K97: =YEARFRAC(I97,RG_DRH_S1_008!$E$4,1) -> 26.263537 | L97: =YEARFRAC(I97,RG_DRH_S1_008!$E$5,1) -> 27.263518 | M97: Chef de Train | N97: Z2M | O97: Casa-Kenitra | P97: 45608 | Q97: Apte classe 1 | R97: =YEARFRAC(I97,P97,1) -> 25.129409 | S97: =IF(L97<40,"4",IF(L97<50,"3",IF(L97<55,IF(Tableau3[[#This Row],[Fonction]]="Conducteur de ligne","2","3"),"1"))) -> 4 | T97: =EDATE(P97, (12*S97)) -> 47069 | U97: 45251 | V97: FAVORABLE MAINT | W97: =YEARFRAC(I97,U97,1) -> 24.153981 | X97: =IF(L97<40,"4",IF(L97<55,"3",IF(Tableau3[[#This Row],[Fonction]]="conducteur de ligne","1","2"))) -> 4 | Y97: =EDATE(U97, (12*X97)) -> 46712 | Z97: 46199 | AA97: =IF(Tableau3[[#This Row],[Date prochaine évaluation]]> TODAY(),"Réussi","Examen expiré") -> Réussi | AB97: =EDATE(Z97, 12) -> 46564 | AC97: =EDATE(AA97, 12) -> #VALUE!
B98: EL YASSIFI LYAZID | C98: 47265S | D98: Kénitra | F98: =IF(Tableau3[[#This Row],[Date d''expiration ]]>TODAY()+31,"✅",IF(Tableau3[[#This Row],[Date d''expiration ]]> TODAY()+1, "⚠️","⛔️")) -> ✅ | G98: =MIN(T98,Y98,AB98) -> 46587 | H98: =IF( Tableau3[[#This Row],[Date d''expiration ]]>TODAY(),"Néant","Cas à justifier") -> Néant | I98: 37080 | J98: =YEARFRAC(I98,TODAY(),1) -> 25.164912 | K98: =YEARFRAC(I98,RG_DRH_S1_008!$E$4,1) -> 24.482532 | L98: =YEARFRAC(I98,RG_DRH_S1_008!$E$5,1) -> 25.482519 | M98: Chef de Train | N98: Z2M, E1300, E1250, DH400, DH350, E1400, E1450 | O98: Fès - Casa, Casa-Kenitra, Casa-Tanger , Casa-Marrakech | P98: 45531 | Q98: Apte classe 1 | R98: =YEARFRAC(I98,P98,1) -> 23.137577 | S98: =IF(L98<40,"4",IF(L98<50,"3",IF(L98<55,IF(Tableau3[[#This Row],[Fonction]]="Conducteur de ligne","2","3"),"1"))) -> 4 | T98: =EDATE(P98, (12*S98)) -> 46992 | U98: 45259 | V98: FAVORABLE MAINT | W98: =YEARFRAC(I98,U98,1) -> 22.394881 | X98: =IF(L98<40,"4",IF(L98<55,"3",IF(Tableau3[[#This Row],[Fonction]]="conducteur de ligne","1","2"))) -> 4 | Y98: =EDATE(U98, (12*X98)) -> 46720 | Z98: 46222 | AA98: =IF(Tableau3[[#This Row],[Date prochaine évaluation]]> TODAY(),"Réussi","Examen expiré") -> Réussi | AB98: =EDATE(Z98, 12) -> 46587 | AC98: =EDATE(AA98, 12) -> #VALUE!
B99: ZRILLA ABDELAZIZ | C99: 47268X | D99: Kénitra | F99: =IF(Tableau3[[#This Row],[Date d''expiration ]]>TODAY()+31,"✅",IF(Tableau3[[#This Row],[Date d''expiration ]]> TODAY()+1, "⚠️","⛔️")) -> ⛔️ | G99: =MIN(T99,Y99,AB99) -> 46239 | H99: =IF( Tableau3[[#This Row],[Date d''expiration ]]>TODAY(),"Néant","Cas à justifier") -> Cas à justifier | I99: 36876 | J99: =YEARFRAC(I99,TODAY(),1) -> 25.721456 | K99: =YEARFRAC(I99,RG_DRH_S1_008!$E$4,1) -> 25.039065 | L99: =YEARFRAC(I99,RG_DRH_S1_008!$E$5,1) -> 26.039039 | M99: Chef de Train | N99: Z2M, E1300, E1250, DH400, DH350, E1400, E1450 | O99: Fès - Casa, Casa-Kenitra, Casa-Tanger , Casa-Marrakech | P99: 45617 | Q99: Apte classe 1 | R99: =YEARFRAC(I99,P99,1) -> 23.929588 | S99: =IF(L99<40,"4",IF(L99<50,"3",IF(L99<55,IF(Tableau3[[#This Row],[Fonction]]="Conducteur de ligne","2","3"),"1"))) -> 4 | T99: =EDATE(P99, (12*S99)) -> 47078 | U99: 45259 | V99: FAVORABLE MAINT | W99: =YEARFRAC(I99,U99,1) -> 22.951403 | X99: =IF(L99<40,"4",IF(L99<55,"3",IF(Tableau3[[#This Row],[Fonction]]="conducteur de ligne","1","2"))) -> 4 | Y99: =EDATE(U99, (12*X99)) -> 46720 | Z99: 45874 | AA99: =IF(Tableau3[[#This Row],[Date prochaine évaluation]]> TODAY(),"Réussi","Examen expiré") -> Examen expiré | AB99: =EDATE(Z99, 12) -> 46239 | AC99: =EDATE(AA99, 12) -> #VALUE!
B100: ARAB ZAKARIA | C100: 47205X | D100: Kénitra | F100: =IF(Tableau3[[#This Row],[Date d''expiration ]]>TODAY()+31,"✅",IF(Tableau3[[#This Row],[Date d''expiration ]]> TODAY()+1, "⚠️","⛔️")) -> ⛔️ | G100: =MIN(T100,Y100,AB100) -> 46267 | H100: =IF( Tableau3[[#This Row],[Date d''expiration ]]>TODAY(),"Néant","Cas à justifier") -> Cas à justifier | I100: 36464 | J100: =YEARFRAC(I100,TODAY(),1) -> 26.850103 | K100: =YEARFRAC(I100,RG_DRH_S1_008!$E$4,1) -> 26.167714 | L100: =YEARFRAC(I100,RG_DRH_S1_008!$E$5,1) -> 27.167693 | M100: Chef de Train | N100: Z2M, E1300, E1250, DH400, DH350, E1400, E1450 | O100: Fès - Casa, Casa-Kenitra, Casa-Tanger , Casa-Marrakech | P100: 45607 | Q100: Apte classe 1 | R100: =YEARFRAC(I100,P100,1) -> 25.030852 | S100: =IF(L100<40,"4",IF(L100<50,"3",IF(L100<55,IF(Tableau3[[#This Row],[Fonction]]="Conducteur de ligne","2","3"),"1"))) -> 4 | T100: =EDATE(P100, (12*S100)) -> 47068 | U100: 45247 | V100: FAVORABLE MAINT | W100: =YEARFRAC(I100,U100,1) -> 24.047202 | X100: =IF(L100<40,"4",IF(L100<55,"3",IF(Tableau3[[#This Row],[Fonction]]="conducteur de ligne","1","2"))) -> 4 | Y100: =EDATE(U100, (12*X100)) -> 46708 | Z100: 45902 | AA100: =IF(Tableau3[[#This Row],[Date prochaine évaluation]]> TODAY(),"Réussi","Examen expiré") -> Examen expiré | AB100: =EDATE(Z100, 12) -> 46267 | AC100: =EDATE(AA100, 12) -> #VALUE!
B101: GUENDAF HANANE | C101: 47230B | D101: Kénitra | F101: =IF(Tableau3[[#This Row],[Date d''expiration ]]>TODAY()+31,"✅",IF(Tableau3[[#This Row],[Date d''expiration ]]> TODAY()+1, "⚠️","⛔️")) -> ⛔️ | G101: =MIN(T101,Y101,AB101) -> 3461 | H101: inapte + poste sedentaire 3 mois a partir du 12/12/2025 grossesse | I101: 35336 | J101: =YEARFRAC(I101,TODAY(),1) -> 29.937737 | K101: =YEARFRAC(I101,RG_DRH_S1_008!$E$4,1) -> 29.255339 | L101: =YEARFRAC(I101,RG_DRH_S1_008!$E$5,1) -> 30.255321 | M101: Chef de Train | N101: Z2M | O101: Casa-Kenitra | P101: 2000 | Q101: Apte classe 1 | R101: =YEARFRAC(I101,P101,1) -> 91.268994 | S101: =IF(L101<40,"4",IF(L101<50,"3",IF(L101<55,IF(Tableau3[[#This Row],[Fonction]]="Conducteur de ligne","2","3"),"1"))) -> 4 | T101: =EDATE(P101, (12*S101)) -> 3461 | U101: 45252 | V101: FAVORABLE MAINT | W101: =YEARFRAC(I101,U101,1) -> 27.148528 | X101: =IF(L101<40,"4",IF(L101<55,"3",IF(Tableau3[[#This Row],[Fonction]]="conducteur de ligne","1","2"))) -> 4 | Y101: =EDATE(U101, (12*X101)) -> 46713 | Z101: 45849 | AA101: =IF(Tableau3[[#This Row],[Date prochaine évaluation]]> TODAY(),"Réussi","Examen expiré") -> Examen expiré | AB101: =EDATE(Z101, 12) -> 46214 | AC101: =EDATE(AA101, 12) -> #VALUE!
B102: KARTI KHADIJA | C102: 47238K | D102: Kénitra | F102: =IF(Tableau3[[#This Row],[Date d''expiration ]]>TODAY()+31,"✅",IF(Tableau3[[#This Row],[Date d''expiration ]]> TODAY()+1, "⚠️","⛔️")) -> ⚠️ | G102: =MIN(T102,Y102,AB102) -> 46299 | H102: =IF( Tableau3[[#This Row],[Date d''expiration ]]>TODAY(),"Néant","Cas à justifier") -> Néant | I102: 35109 | J102: =YEARFRAC(I102,TODAY(),1) -> 30.559216 | K102: =YEARFRAC(I102,RG_DRH_S1_008!$E$4,1) -> 29.876802 | L102: =YEARFRAC(I102,RG_DRH_S1_008!$E$5,1) -> 30.876799 | M102: Chef de Train | N102: Z2M | O102: Casa-Kenitra | P102: 45630 | Q102: Apte classe 1 | R102: =YEARFRAC(I102,P102,1) -> 28.802889 | S102: =IF(L102<40,"4",IF(L102<50,"3",IF(L102<55,IF(Tableau3[[#This Row],[Fonction]]="Conducteur de ligne","2","3"),"1"))) -> 4 | T102: =EDATE(P102, (12*S102)) -> 47091 | U102: 45253 | V102: FAVORABLE MAINT | W102: =YEARFRAC(I102,U102,1) -> 27.772758 | X102: =IF(L102<40,"4",IF(L102<55,"3",IF(Tableau3[[#This Row],[Fonction]]="conducteur de ligne","1","2"))) -> 4 | Y102: =EDATE(U102, (12*X102)) -> 46714 | Z102: 45934 | AA102: =IF(Tableau3[[#This Row],[Date prochaine évaluation]]> TODAY(),"Réussi","Examen expiré") -> Réussi | AB102: =EDATE(Z102, 12) -> 46299 | AC102: =EDATE(AA102, 12) -> #VALUE!
B103: GOTTI SALAH-EDDINE | C103: 45554F | D103: Kénitra | F103: =IF(Tableau3[[#This Row],[Date d''expiration ]]>TODAY()+31,"✅",IF(Tableau3[[#This Row],[Date d''expiration ]]> TODAY()+1, "⚠️","⛔️")) -> ✅ | G103: =MIN(T103,Y103,AB103) -> 46724 | H103: =IF( Tableau3[[#This Row],[Date d''expiration ]]>TODAY(),"Néant","Cas à justifier") -> Néant | I103: 35891 | J103: =YEARFRAC(I103,TODAY(),1) -> 28.419562 | K103: =YEARFRAC(I103,RG_DRH_S1_008!$E$4,1) -> 27.737166 | L103: =YEARFRAC(I103,RG_DRH_S1_008!$E$5,1) -> 28.73716 | M103: Conducteur de ligne | N103: Z2M, E1300, E1250, DH400, DH350, E1400, E1450 | O103: Fès - Casa, Casa-Kenitra, Casa-Tanger , Casa-Marrakech | P103: 45803 | Q103: Apte classe 1 | R103: =YEARFRAC(I103,P103,1) -> 27.137577 | S103: =IF(L103<40,"4",IF(L103<50,"3",IF(L103<55,IF(Tableau3[[#This Row],[Fonction]]="Conducteur de ligne","2","3"),"1"))) -> 4 | T103: =EDATE(P103, (12*S103)) -> 47264 | U103: 45728 | V103: FAVORABLE MAINT | W103: =YEARFRAC(I103,U103,1) -> 26.932238 | X103: =IF(L103<40,"4",IF(L103<55,"3",IF(Tableau3[[#This Row],[Fonction]]="conducteur de ligne","1","2"))) -> 4 | Y103: =EDATE(U103, (12*X103)) -> 47189 | Z103: 46359 | AA103: =IF(Tableau3[[#This Row],[Date prochaine évaluation]]> TODAY(),"Réussi","Examen expiré") -> Réussi | AB103: =EDATE(Z103, 12) -> 46724 | AC103: =EDATE(AA103, 12) -> #VALUE!
B104: ELFANDI OMAR | C104: 45857R | D104: Kénitra | F104: =IF(Tableau3[[#This Row],[Date d''expiration ]]>TODAY()+31,"✅",IF(Tableau3[[#This Row],[Date d''expiration ]]> TODAY()+1, "⚠️","⛔️")) -> ✅ | G104: =MIN(T104,Y104,AB104) -> 46378 | H104: =IF( Tableau3[[#This Row],[Date d''expiration ]]>TODAY(),"Néant","Cas à justifier") -> Néant | I104: 36111 | J104: =YEARFRAC(I104,TODAY(),1) -> 27.817221 | K104: =YEARFRAC(I104,RG_DRH_S1_008!$E$4,1) -> 27.134839 | L104: =YEARFRAC(I104,RG_DRH_S1_008!$E$5,1) -> 28.134819 | M104: Chef de Train | N104: Z2M, E1300, E1250, DH400, DH350, E1400, E1450 | O104: Fès - Casa, Casa-Kenitra, Casa-Tanger , Casa-Marrakech | P104: 46174 | Q104: Apte classe 1 | R104: =YEARFRAC(I104,P104,1) -> 27.551643 | S104: =IF(L104<40,"4",IF(L104<50,"3",IF(L104<55,IF(Tableau3[[#This Row],[Fonction]]="Conducteur de ligne","2","3"),"1"))) -> 4 | T104: =EDATE(P104, (12*S104)) -> 47635 | U104: 45831 | V104: FAVORABLE MAINT | W104: =YEARFRAC(I104,U104,1) -> 26.61191 | X104: =IF(L104<40,"4",IF(L104<55,"3",IF(Tableau3[[#This Row],[Fonction]]="conducteur de ligne","1","2"))) -> 4 | Y104: =EDATE(U104, (12*X104)) -> 47292 | Z104: 46013 | AA104: =IF(Tableau3[[#This Row],[Date prochaine évaluation]]> TODAY(),"Réussi","Examen expiré") -> Réussi | AB104: =EDATE(Z104, 12) -> 46378 | AC104: =EDATE(AA104, 12) -> #VALUE!
B105: EL BAKKOUCH M'HAMMED | C105: 45850H | D105: Kénitra | F105: =IF(Tableau3[[#This Row],[Date d''expiration ]]>TODAY()+31,"✅",IF(Tableau3[[#This Row],[Date d''expiration ]]> TODAY()+1, "⚠️","⛔️")) -> ⚠️ | G105: =MIN(T105,Y105,AB105) -> 46293 | H105: =IF( Tableau3[[#This Row],[Date d''expiration ]]>TODAY(),"Néant","Cas à justifier") -> Néant | I105: 35714 | J105: =YEARFRAC(I105,TODAY(),1) -> 28.90481 | K105: =YEARFRAC(I105,RG_DRH_S1_008!$E$4,1) -> 28.222432 | L105: =YEARFRAC(I105,RG_DRH_S1_008!$E$5,1) -> 29.222415 | M105: Chef de Train | N105: Z2M, E1300, E1250, DH400, DH350, E1400, E1450 | O105: Fès - Casa, Casa-Kenitra, Casa-Tanger , Casa-Marrakech, Casa-Eljadida | P105: 44832 | Q105: Apte classe 1 | R105: =YEARFRAC(I105,P105,1) -> 24.965038 | S105: =IF(L105<40,"4",IF(L105<50,"3",IF(L105<55,IF(Tableau3[[#This Row],[Fonction]]="Conducteur de ligne","2","3"),"1"))) -> 4 | T105: =EDATE(P105, (12*S105)) -> 46293 | U105: 45988 | V105: FAVORABLE MAINT | W105: =YEARFRAC(I105,U105,1) -> 28.129343 | X105: =IF(L105<40,"4",IF(L105<55,"3",IF(Tableau3[[#This Row],[Fonction]]="conducteur de ligne","1","2"))) -> 4 | Y105: =EDATE(U105, (12*X105)) -> 47449 | Z105: 46054 | AA105: =IF(Tableau3[[#This Row],[Date prochaine évaluation]]> TODAY(),"Réussi","Examen expiré") -> Réussi | AB105: =EDATE(Z105, 12) -> 46419 | AC105: =EDATE(AA105, 12) -> #VALUE!
B106: CHELHANI EL MEHDI | C106: 45844B | D106: Kénitra | F106: =IF(Tableau3[[#This Row],[Date d''expiration ]]>TODAY()+31,"✅",IF(Tableau3[[#This Row],[Date d''expiration ]]> TODAY()+1, "⚠️","⛔️")) -> ✅ | G106: =MIN(T106,Y106,AB106) -> 46309 | H106: =IF( Tableau3[[#This Row],[Date d''expiration ]]>TODAY(),"Néant","Cas à justifier") -> Néant | I106: 35978 | J106: =YEARFRAC(I106,TODAY(),1) -> 28.181363 | K106: =YEARFRAC(I106,RG_DRH_S1_008!$E$4,1) -> 27.498973 | L106: =YEARFRAC(I106,RG_DRH_S1_008!$E$5,1) -> 28.498961 | M106: Chef de Train | N106: Z2M, E1300, E1250, DH400, DH350, E1400, E1450 | O106: Fès - Casa, Casa-Kenitra, Casa-Tanger , Casa-Marrakech | P106: 44848 | Q106: Apte classe 1 | R106: =YEARFRAC(I106,P106,1) -> 24.285401 | S106: =IF(L106<40,"4",IF(L106<50,"3",IF(L106<55,IF(Tableau3[[#This Row],[Fonction]]="Conducteur de ligne","2","3"),"1"))) -> 4 | T106: =EDATE(P106, (12*S106)) -> 46309 | U106: 45987 | V106: FAVORABLE MAINT | W106: =YEARFRAC(I106,U106,1) -> 27.403149 | X106: =IF(L106<40,"4",IF(L106<55,"3",IF(Tableau3[[#This Row],[Fonction]]="conducteur de ligne","1","2"))) -> 4 | Y106: =EDATE(U106, (12*X106)) -> 47448 | Z106: 46186 | AA106: =IF(Tableau3[[#This Row],[Date prochaine évaluation]]> TODAY(),"Réussi","Examen expiré") -> Réussi | AB106: =EDATE(Z106, 12) -> 46551 | AC106: =EDATE(AA106, 12) -> #VALUE!
B107: CHAKHCH YOUSSEF | C107: 46593S | D107: Kénitra | F107: =IF(Tableau3[[#This Row],[Date d''expiration ]]>TODAY()+31,"✅",IF(Tableau3[[#This Row],[Date d''expiration ]]> TODAY()+1, "⚠️","⛔️")) -> ⚠️ | G107: =MIN(T107,Y107,AB107) -> 46291 | H107: Néant | I107: 36285 | J107: =YEARFRAC(I107,TODAY(),1) -> 27.340178 | K107: =YEARFRAC(I107,RG_DRH_S1_008!$E$4,1) -> 26.657777 | L107: =YEARFRAC(I107,RG_DRH_S1_008!$E$5,1) -> 27.657769 | M107: Chef de Train | N107: Z2M, E1300, E1250, DH400, DH350, E1400, E1450 | O107: Fès - Casa, Casa-Kenitra, Casa-Tanger , Casa-Marrakech | P107: 45261 | Q107: Apte classe 1 | R107: =YEARFRAC(I107,P107,1) -> 24.575622 | S107: =IF(L107<40,"4",IF(L107<50,"3",IF(L107<55,IF(Tableau3[[#This Row],[Fonction]]="Conducteur de ligne","2","3"),"1"))) -> 4 | T107: =EDATE(P107, (12*S107)) -> 46722 | U107: 44830 | V107: FAVORABLE MAINT | W107: =YEARFRAC(I107,U107,1) -> 23.394935 | X107: =IF(L107<40,"4",IF(L107<55,"3",IF(Tableau3[[#This Row],[Fonction]]="conducteur de ligne","1","2"))) -> 4 | Y107: =EDATE(U107, (12*X107)) -> 46291 | Z107: 46174 | AA107: =IF(Tableau3[[#This Row],[Date prochaine évaluation]]> TODAY(),"Réussi","Examen expiré") -> Réussi | AB107: =EDATE(Z107, 12) -> 46539 | AC107: =EDATE(AA107, 12) -> #VALUE!
B108: BERHOUMI YOUSSEF | C108: 46955Z | D108: Kénitra | F108: =IF(Tableau3[[#This Row],[Date d''expiration ]]>TODAY()+31,"✅",IF(Tableau3[[#This Row],[Date d''expiration ]]> TODAY()+1, "⚠️","⛔️")) -> ✅ | G108: =MIN(T108,Y108,AB108) -> 46498 | H108: =IF( Tableau3[[#This Row],[Date d''expiration ]]>TODAY(),"Néant","Cas à justifier") -> Néant | I108: 36950 | J108: =YEARFRAC(I108,TODAY(),1) -> 25.520851 | K108: =YEARFRAC(I108,RG_DRH_S1_008!$E$4,1) -> 24.838462 | L108: =YEARFRAC(I108,RG_DRH_S1_008!$E$5,1) -> 25.838458 | M108: Chef de Train | N108: Z2M, E1300, E1250, DH400, DH350, E1400, E1450 | O108: Casa-Marrakech, Casa-Kenitra, Casa-Tanger , Fès - Casa | P108: 45610 | Q108: Apte classe 1 | R108: =YEARFRAC(I108,P108,1) -> 23.709788 | S108: =IF(L108<40,"4",IF(L108<50,"3",IF(L108<55,IF(Tableau3[[#This Row],[Fonction]]="Conducteur de ligne","2","3"),"1"))) -> 4 | T108: =EDATE(P108, (12*S108)) -> 47071 | U108: 45986 | V108: FAVORABLE MAINT | W108: =YEARFRAC(I108,U108,1) -> 24.739897 | X108: =IF(L108<40,"4",IF(L108<55,"3",IF(Tableau3[[#This Row],[Fonction]]="conducteur de ligne","1","2"))) -> 4 | Y108: =EDATE(U108, (12*X108)) -> 47447 | Z108: 46133 | AA108: =IF(Tableau3[[#This Row],[Date prochaine évaluation]]> TODAY(),"Réussi","Examen expiré") -> Réussi | AB108: =EDATE(Z108, 12) -> 46498 | AC108: =EDATE(AA108, 12) -> #VALUE!
B109: AMAMMOUR MOHAMED | C109: 46465P | D109: Kénitra | F109: =IF(Tableau3[[#This Row],[Date d''expiration ]]>TODAY()+31,"✅",IF(Tableau3[[#This Row],[Date d''expiration ]]> TODAY()+1, "⚠️","⛔️")) -> ⚠️ | G109: =MIN(T109,Y109,AB109) -> 46285 | H109: =IF( Tableau3[[#This Row],[Date d''expiration ]]>TODAY(),"Néant","Cas à justifier") -> Néant | I109: 35561 | J109: =YEARFRAC(I109,TODAY(),1) -> 29.32372 | K109: =YEARFRAC(I109,RG_DRH_S1_008!$E$4,1) -> 28.641333 | L109: =YEARFRAC(I109,RG_DRH_S1_008!$E$5,1) -> 29.641325 | M109: Chef de Train | N109: Z2M, E1300, E1250, DH400, DH350, E1400, E1450 | O109: Fès - Casa, Casa-Kenitra, Casa-Tanger , Casa-Marrakech | P109: 45180 | Q109: Apte classe 1 | R109: =YEARFRAC(I109,P109,1) -> 26.33739 | S109: =IF(L109<40,"4",IF(L109<50,"3",IF(L109<55,IF(Tableau3[[#This Row],[Fonction]]="Conducteur de ligne","2","3"),"1"))) -> 4 | T109: =EDATE(P109, (12*S109)) -> 46641 | U109: 44824 | V109: FAVORABLE MAINT | W109: =YEARFRAC(I109,U109,1) -> 25.362047 | X109: =IF(L109<40,"4",IF(L109<55,"3",IF(Tableau3[[#This Row],[Fonction]]="conducteur de ligne","1","2"))) -> 4 | Y109: =EDATE(U109, (12*X109)) -> 46285 | Z109: 46176 | AA109: =IF(Tableau3[[#This Row],[Date prochaine évaluation]]> TODAY(),"Réussi","Examen expiré") -> Réussi | AB109: =EDATE(Z109, 12) -> 46541 | AC109: =EDATE(AA109, 12) -> #VALUE!
B110: MAHASSINE OTHMANE | C110: 47091K | D110: Kénitra | F110: =IF(Tableau3[[#This Row],[Date d''expiration ]]>TODAY()+31,"✅",IF(Tableau3[[#This Row],[Date d''expiration ]]> TODAY()+1, "⚠️","⛔️")) -> ✅ | G110: =MIN(T110,Y110,AB110) -> 46473 | H110: =IF( Tableau3[[#This Row],[Date d''expiration ]]>TODAY(),"Néant","Cas à justifier") -> Néant | I110: 37467 | J110: =YEARFRAC(I110,TODAY(),1) -> 24.104698 | K110: =YEARFRAC(I110,RG_DRH_S1_008!$E$4,1) -> 23.422313 | L110: =YEARFRAC(I110,RG_DRH_S1_008!$E$5,1) -> 24.422298 | M110: Chef de Train | N110: Z2M, E1300, E1250, DH400, DH350, E1400, E1450 | O110: Fès - Casa, Casa-Kenitra, Casa-Tanger , Casa-Marrakech | P110: 45505 | Q110: Apte classe 1 | R110: =YEARFRAC(I110,P110,1) -> 22.00619 | S110: =IF(L110<40,"4",IF(L110<50,"3",IF(L110<55,IF(Tableau3[[#This Row],[Fonction]]="Conducteur de ligne","2","3"),"1"))) -> 4 | T110: =EDATE(P110, (12*S110)) -> 46966 | U110: 45986 | V110: FAVORABLE MAINT | W110: =YEARFRAC(I110,U110,1) -> 23.323751 | X110: =IF(L110<40,"4",IF(L110<55,"3",IF(Tableau3[[#This Row],[Fonction]]="conducteur de ligne","1","2"))) -> 4 | Y110: =EDATE(U110, (12*X110)) -> 47447 | Z110: 46108 | AA110: =IF(Tableau3[[#This Row],[Date prochaine évaluation]]> TODAY(),"Réussi","Examen expiré") -> Réussi | AB110: =EDATE(Z110, 12) -> 46473 | AC110: =EDATE(AA110, 12) -> #VALUE!
B111: LHARTICH LAHCEN | C111: 40802Z | D111: Kénitra | F111: =IF(Tableau3[[#This Row],[Date d''expiration ]]>TODAY()+31,"✅",IF(Tableau3[[#This Row],[Date d''expiration ]]> TODAY()+1, "⚠️","⛔️")) -> ⛔️ | G111: =MIN(T111,Y111,AB111) -> 46214 | H111: =IF( Tableau3[[#This Row],[Date d''expiration ]]>TODAY(),"Néant","Cas à justifier") -> Cas à justifier | I111: 25448 | J111: =YEARFRAC(I111,TODAY(),1) -> 57.011613 | K111: =YEARFRAC(I111,RG_DRH_S1_008!$E$4,1) -> 56.329219 | L111: =YEARFRAC(I111,RG_DRH_S1_008!$E$5,1) -> 57.329211 | M111: Chef de Train | N111: Z2M, E1300, E1250, DH400, DH350, E1400, E1450 | O111: Fès - Casa, Casa-Kenitra, Casa-Eljadida, Casa-Marrakech | P111: 46083 | Q111: Apte classe 1 | R111: =YEARFRAC(I111,P111,1) -> 56.496884 | S111: =IF(L111<40,"4",IF(L111<50,"3",IF(L111<55,IF(Tableau3[[#This Row],[Fonction]]="Conducteur de ligne","2","3"),"1"))) -> 1 | T111: =EDATE(P111, (12*S111)) -> 46448 | U111: 45484 | V111: FAVORABLE MAINT | W111: =YEARFRAC(I111,U111,1) -> 54.855578 | X111: =IF(L111<40,"4",IF(L111<55,"3",IF(Tableau3[[#This Row],[Fonction]]="conducteur de ligne","1","2"))) -> 2 | Y111: =EDATE(U111, (12*X111)) -> 46214 | Z111: 45908 | AA111: =IF(Tableau3[[#This Row],[Date prochaine évaluation]]> TODAY(),"Réussi","Examen expiré") -> Réussi | AB111: =EDATE(Z111, 12) -> 46273 | AC111: =EDATE(AA111, 12) -> #VALUE!
B112: KAROUA ABDOLMONAIM | C112: 45875M | D112: Kénitra | F112: =IF(Tableau3[[#This Row],[Date d''expiration ]]>TODAY()+31,"✅",IF(Tableau3[[#This Row],[Date d''expiration ]]> TODAY()+1, "⚠️","⛔️")) -> ✅ | G112: =MIN(T112,Y112,AB112) -> 46309 | H112: =IF( Tableau3[[#This Row],[Date d''expiration ]]>TODAY(),"Néant","Cas à justifier") -> Néant | I112: 36579 | J112: =YEARFRAC(I112,TODAY(),1) -> 26.534577 | K112: =YEARFRAC(I112,RG_DRH_S1_008!$E$4,1) -> 25.852164 | L112: =YEARFRAC(I112,RG_DRH_S1_008!$E$5,1) -> 26.85216 | M112: Chef de Train | N112: Z2M, E1300, E1250, DH400, DH350, E1400, E1450 | O112: Fès - Casa, Casa-Kenitra, Casa-Tanger , Casa-Marrakech | P112: 44848 | Q112: Apte classe 1 | R112: =YEARFRAC(I112,P112,1) -> 22.638614 | S112: =IF(L112<40,"4",IF(L112<50,"3",IF(L112<55,IF(Tableau3[[#This Row],[Fonction]]="Conducteur de ligne","2","3"),"1"))) -> 4 | T112: =EDATE(P112, (12*S112)) -> 46309 | U112: 45863 | V112: FAVORABLE MAINT | W112: =YEARFRAC(I112,U112,1) -> 25.416868 | X112: =IF(L112<40,"4",IF(L112<55,"3",IF(Tableau3[[#This Row],[Fonction]]="conducteur de ligne","1","2"))) -> 4 | Y112: =EDATE(U112, (12*X112)) -> 47324 | Z112: 46097 | AA112: =IF(Tableau3[[#This Row],[Date prochaine évaluation]]> TODAY(),"Réussi","Examen expiré") -> Réussi | AB112: =EDATE(Z112, 12) -> 46462 | AC112: =EDATE(AA112, 12) -> #VALUE!
...

Sheet Formation
B2: Registre des habilitations : Formation (CFT, DFT et EFT)
B4: L'habilitation est valable pour une durée supérieure à un mois. | C4: ✅ | D4: L'habilitation est valable pour une durée inférieure à un mois. | F4: ⚠️ | G4: L'habilitation est expirée. | H4: ⛔️
B6: Collaborateur | F6: La validité de l'habilitation | I6: Âge | M6: Périmètre d'habilitation | Q6: Aptitude physique (VM) | V6: Aptitude psychologique | AA6: Aptitude Professionnelle
B7: Nom / prénom | C7: Matricule | D7: Résidence | E7: Date d'autorisation | F7: Validité | G7: Date d'expiration | H7: Motif | I7: Date naissance | J7: Âge actuel | K7: Âge Fin 25 | L7: Âge Fin 26 | M7: Fonction | N7: Engin | O7: type de matériel | P7: Site | Q7: Dernière VM | R7: Résultat/Obs | S7: Âge_dernière VM | T7: Périodicité VM | U7: Date prochaine VM | V7: Dernier Psy | W7: Résultat/Obs | X7: Âge_dernier Psy | Y7: Périodicité Psy | Z7: Date prochain Psy | AA7: Dernière évaluation | AB7: Résultat /Obs | AC7: Date prochaine évaluation
B8: EL AMRAOUI MOHAMMED | C8: 38008Y | D8: Kénitra | F8: =IF(Tableau35[[#This Row],[Date d''expiration ]]>TODAY()+31,"✅",IF(Tableau35[[#This Row],[Date d''expiration ]]> TODAY()+1, "⚠️","⛔️")) -> ⛔️ | G8: =MIN(U8,Z8,AC8) -> 45638 | H8: Neant | I8: 24663 | J8: =YEARFRAC(I8,TODAY(),1) -> 59.15948 | K8: =YEARFRAC(I8,RG_DRH_S1_008!$E$4,1) -> 58.477077 | L8: =YEARFRAC(I8,RG_DRH_S1_008!$E$5,1) -> 59.47707 | M8: Chef Formation Trains | N8: E1450.E1400.Z2M.DM600.DH400.DH350 | O8: Matériel à Voyageurs | P8: Site Voyageurs Kénitra | Q8: 45932 | R8: Apte classe 2 | S8: =YEARFRAC(I8,Q8,1) -> 58.230673 | T8: =IF(Tableau35[[#This Row],[Âge Fin 26]]<40,"5",IF(Tableau35[[#This Row],[Âge Fin 26]]<50,"4",IF(Tableau35[[#This Row],[Âge Fin 26]]<55,"3","2"))) -> 2 | U8: =EDATE(Q8, (12*T8)) -> 46662 | V8: 45691 | W8: FAVORABLE MAINT | X8: =YEARFRAC(I8,V8,1) -> 57.570858 | Y8: =IF(Tableau35[[#This Row],[Âge Fin 26]]<40,"5",IF(Tableau35[[#This Row],[Âge Fin 26]]<55,"3","2")) -> 2 | Z8: =EDATE(V8, (12*Y8)) -> 46421 | AA8: 45272 | AB8: =IF(Tableau35[[#This Row],[Date prochaine évaluation]]> TODAY(),"Réussi","Examen expiré") -> Examen expiré | AC8: =EDATE(AA8, 12) -> 45638
B9: ZERIOUH MOHAMED | C9: 44004K | D9: Kénitra | F9: =IF(Tableau35[[#This Row],[Date d''expiration ]]>TODAY()+31,"✅",IF(Tableau35[[#This Row],[Date d''expiration ]]> TODAY()+1, "⚠️","⛔️")) -> ✅ | G9: =MIN(U9,Z9,AC9) -> 46491 | H9: =IF(Tableau35[[#This Row],[Date d''expiration ]]>TODAY(),"Néant","Cas à justifier") -> Néant | I9: 33199 | J9: =YEARFRAC(I9,TODAY(),1) -> 35.789848 | K9: =YEARFRAC(I9,RG_DRH_S1_008!$E$4,1) -> 35.107461 | L9: =YEARFRAC(I9,RG_DRH_S1_008!$E$5,1) -> 36.107444 | M9: Chef Formation Trains | N9: E1450.E1400.Z2M.DM600.DH400.DH350 | O9: Matériel à Voyageurs | P9: Site Voyageurs Kénitra | Q9: 44665 | R9: Apte classe 1 | S9: =YEARFRAC(I9,Q9,1) -> 31.392848 | T9: =IF(Tableau35[[#This Row],[Âge Fin 26]]<40,"5",IF(Tableau35[[#This Row],[Âge Fin 26]]<50,"4",IF(Tableau35[[#This Row],[Âge Fin 26]]<55,"3","2"))) -> 5 | U9: =EDATE(Q9, (12*T9)) -> 46491 | V9: 45812 | W9: FAVORABLE MAINT | X9: =YEARFRAC(I9,V9,1) -> 34.532512 | Y9: =IF(Tableau35[[#This Row],[Âge Fin 26]]<40,"5",IF(Tableau35[[#This Row],[Âge Fin 26]]<55,"3","2")) -> 5 | Z9: =EDATE(V9, (12*Y9)) -> 47638 | AA9: 46207 | AB9: =IF(Tableau35[[#This Row],[Date prochaine évaluation]]> TODAY(),"Réussi","Examen expiré") -> Réussi | AC9: =EDATE(AA9, 12) -> 46572
B10: OUGUI HAMZA | C10: 45892H | D10: Kénitra | F10: =IF(Tableau35[[#This Row],[Date d''expiration ]]>TODAY()+31,"✅",IF(Tableau35[[#This Row],[Date d''expiration ]]> TODAY()+1, "⚠️","⛔️")) -> ✅ | G10: =MIN(U10,Z10,AC10) -> 46415 | H10: =IF(Tableau35[[#This Row],[Date d''expiration ]]>TODAY(),"Néant","Cas à justifier") -> Néant | I10: 36550 | J10: =YEARFRAC(I10,TODAY(),1) -> 26.613973 | K10: =YEARFRAC(I10,RG_DRH_S1_008!$E$4,1) -> 25.931557 | L10: =YEARFRAC(I10,RG_DRH_S1_008!$E$5,1) -> 26.931555 | M10: Chef Formation Trains | N10: E1450.E1400.Z2M.DM600.DH400.DH350 | O10: Matériel à Voyageurs | P10: Site Voyageurs Kénitra | Q10: 44698 | R10: Apte classe 1 | S10: =YEARFRAC(I10,Q10,1) -> 22.307344 | T10: =IF(Tableau35[[#This Row],[Âge Fin 26]]<40,"5",IF(Tableau35[[#This Row],[Âge Fin 26]]<50,"4",IF(Tableau35[[#This Row],[Âge Fin 26]]<55,"3","2"))) -> 5 | U10: =EDATE(Q10, (12*T10)) -> 46524 | V10: 46239 | W10: FAVORABLE MAINT | X10: =YEARFRAC(I10,V10,1) -> 26.526364 | Y10: =IF(Tableau35[[#This Row],[Âge Fin 26]]<40,"5",IF(Tableau35[[#This Row],[Âge Fin 26]]<55,"3","2")) -> 5 | Z10: =EDATE(V10, (12*Y10)) -> 48065 | AA10: 46050 | AB10: =IF(Tableau35[[#This Row],[Date prochaine évaluation]]> TODAY(),"Réussi","Examen expiré") -> Réussi | AC10: =EDATE(AA10, 12) -> 46415
B11: LAABABID ABDELAALIM | C11: 46823R | D11: Kénitra | F11: =IF(Tableau35[[#This Row],[Date d''expiration ]]>TODAY()+31,"✅",IF(Tableau35[[#This Row],[Date d''expiration ]]> TODAY()+1, "⚠️","⛔️")) -> ⛔️ | G11: =MIN(U11,Z11,AC11) -> 46156 | H11: =IF(Tableau35[[#This Row],[Date d''expiration ]]>TODAY(),"Néant","Cas à justifier") -> Cas à justifier | I11: 36658 | J11: =YEARFRAC(I11,TODAY(),1) -> 26.318292 | K11: =YEARFRAC(I11,RG_DRH_S1_008!$E$4,1) -> 25.635885 | L11: =YEARFRAC(I11,RG_DRH_S1_008!$E$5,1) -> 26.635875 | M11: Chef Formation Trains | N11: E1450.E1400.Z2M.DM600.DH400.DH350 | O11: Matériel à Voyageurs | P11: Site Voyageurs Kénitra | Q11: 45540 | R11: Apte classe 1 | S11: =YEARFRAC(I11,Q11,1) -> 24.315594 | T11: =IF(Tableau35[[#This Row],[Âge Fin 26]]<40,"5",IF(Tableau35[[#This Row],[Âge Fin 26]]<50,"4",IF(Tableau35[[#This Row],[Âge Fin 26]]<55,"3","2"))) -> 5 | U11: =EDATE(Q11, (12*T11)) -> 47366 | V11: 44981 | W11: FAVORABLE MAINT | X11: =YEARFRAC(I11,V11,1) -> 22.787132 | Y11: =IF(Tableau35[[#This Row],[Âge Fin 26]]<40,"5",IF(Tableau35[[#This Row],[Âge Fin 26]]<55,"3","2")) -> 5 | Z11: =EDATE(V11, (12*Y11)) -> 46807 | AA11: 45791 | AB11: =IF(Tableau35[[#This Row],[Date prochaine évaluation]]> TODAY(),"Réussi","Examen expiré") -> Examen expiré | AC11: =EDATE(AA11, 12) -> 46156
B12: EL KHALFAOUI AYOUB | C12: 47614H | D12: Kénitra | F12: =IF(Tableau35[[#This Row],[Date d''expiration ]]>TODAY()+31,"✅",IF(Tableau35[[#This Row],[Date d''expiration ]]> TODAY()+1, "⚠️","⛔️")) -> ⛔️ | G12: =MIN(U12,Z12,AC12) -> 46267 | H12: =IF(Tableau35[[#This Row],[Date d''expiration ]]>TODAY(),"Néant","Cas à justifier") -> Cas à justifier | I12: 35637 | J12: =YEARFRAC(I12,TODAY(),1) -> 29.115634 | K12: =YEARFRAC(I12,RG_DRH_S1_008!$E$4,1) -> 28.433252 | L12: =YEARFRAC(I12,RG_DRH_S1_008!$E$5,1) -> 29.433239 | M12: Chef Formation Trains | N12: E1450.E1400.Z2M.DM600.DH400.DH350 | O12: Matériel à Voyageurs | P12: Site Voyageurs Kénitra | Q12: 45615 | R12: Apte classe 2 | S12: =YEARFRAC(I12,Q12,1) -> 27.318275 | T12: =IF(Tableau35[[#This Row],[Âge Fin 26]]<40,"5",IF(Tableau35[[#This Row],[Âge Fin 26]]<50,"4",IF(Tableau35[[#This Row],[Âge Fin 26]]<55,"3","2"))) -> 5 | U12: =EDATE(Q12, (12*T12)) -> 47441 | V12: 45355 | W12: FAVORABLE MAINT | X12: =YEARFRAC(I12,V12,1) -> 26.606434 | Y12: =IF(Tableau35[[#This Row],[Âge Fin 26]]<40,"5",IF(Tableau35[[#This Row],[Âge Fin 26]]<55,"3","2")) -> 5 | Z12: =EDATE(V12, (12*Y12)) -> 47181 | AA12: 45902 | AB12: =IF(Tableau35[[#This Row],[Date prochaine évaluation]]> TODAY(),"Réussi","Examen expiré") -> Examen expiré | AC12: =EDATE(AA12, 12) -> 46267
B13: JAMALI MOHAMMED | C13: 47622S | D13: Kénitra | F13: =IF(Tableau35[[#This Row],[Date d''expiration ]]>TODAY()+31,"✅",IF(Tableau35[[#This Row],[Date d''expiration ]]> TODAY()+1, "⚠️","⛔️")) -> ⛔️ | G13: =MIN(U13,Z13,AC13) -> 46267 | H13: =IF(Tableau35[[#This Row],[Date d''expiration ]]>TODAY(),"Néant","Cas à justifier") -> Cas à justifier | I13: 36951 | J13: =YEARFRAC(I13,TODAY(),1) -> 25.518113 | K13: =YEARFRAC(I13,RG_DRH_S1_008!$E$4,1) -> 24.835724 | L13: =YEARFRAC(I13,RG_DRH_S1_008!$E$5,1) -> 25.83572 | M13: Chef Formation Trains | N13: E1450.E1400.Z2M.DM600.DH400.DH350 | O13: Matériel à Voyageurs | P13: Site Voyageurs Kénitra | Q13: 45616 | R13: Apte classe 1 | S13: =YEARFRAC(I13,Q13,1) -> 23.723477 | T13: =IF(Tableau35[[#This Row],[Âge Fin 26]]<40,"5",IF(Tableau35[[#This Row],[Âge Fin 26]]<50,"4",IF(Tableau35[[#This Row],[Âge Fin 26]]<55,"3","2"))) -> 5 | U13: =EDATE(Q13, (12*T13)) -> 47442 | V13: 45357 | W13: FAVORABLE MAINT | X13: =YEARFRAC(I13,V13,1) -> 23.014374 | Y13: =IF(Tableau35[[#This Row],[Âge Fin 26]]<40,"5",IF(Tableau35[[#This Row],[Âge Fin 26]]<55,"3","2")) -> 5 | Z13: =EDATE(V13, (12*Y13)) -> 47183 | AA13: 45902 | AB13: =IF(Tableau35[[#This Row],[Date prochaine évaluation]]> TODAY(),"Réussi","Examen expiré") -> Examen expiré | AC13: =EDATE(AA13, 12) -> 46267
B14: BOUGNINE MOSTAFA | C14: 47607A | D14: Kénitra | F14: =IF(Tableau35[[#This Row],[Date d''expiration ]]>TODAY()+31,"✅",IF(Tableau35[[#This Row],[Date d''expiration ]]> TODAY()+1, "⚠️","⛔️")) -> ⛔️ | G14: =MIN(U14,Z14,AC14) -> 46267 | H14: =IF(Tableau35[[#This Row],[Date d''expiration ]]>TODAY(),"Néant","Cas à justifier") -> Cas à justifier | I14: 34662 | J14: =YEARFRAC(I14,TODAY(),1) -> 31.784369 | K14: =YEARFRAC(I14,RG_DRH_S1_008!$E$4,1) -> 31.101985 | L14: =YEARFRAC(I14,RG_DRH_S1_008!$E$5,1) -> 32.101966 | M14: Chef Formation Trains | N14: E1450.E1400.Z2M.DM600.DH400.DH350 | O14: Matériel à Voyageurs | P14: Site Voyageurs Kénitra | Q14: 45621 | R14: Apte classe 2 | S14: =YEARFRAC(I14,Q14,1) -> 30.003444 | T14: =IF(Tableau35[[#This Row],[Âge Fin 26]]<40,"5",IF(Tableau35[[#This Row],[Âge Fin 26]]<50,"4",IF(Tableau35[[#This Row],[Âge Fin 26]]<55,"3","2"))) -> 5 | U14: =EDATE(Q14, (12*T14)) -> 47447 | V14: 45356 | W14: FAVORABLE MAINT | X14: =YEARFRAC(I14,V14,1) -> 29.27793 | Y14: =IF(Tableau35[[#This Row],[Âge Fin 26]]<40,"5",IF(Tableau35[[#This Row],[Âge Fin 26]]<55,"3","2")) -> 5 | Z14: =EDATE(V14, (12*Y14)) -> 47182 | AA14: 45902 | AB14: =IF(Tableau35[[#This Row],[Date prochaine évaluation]]> TODAY(),"Réussi","Examen expiré") -> Examen expiré | AC14: =EDATE(AA14, 12) -> 46267
B15: CHTIOUI MOHAMMED | C15: 44867M | D15: Kénitra | F15: =IF(Tableau35[[#This Row],[Date d''expiration ]]>TODAY()+31,"✅",IF(Tableau35[[#This Row],[Date d''expiration ]]> TODAY()+1, "⚠️","⛔️")) -> ✅ | G15: =MIN(U15,Z15,AC15) -> 46333 | H15: =IF(Tableau35[[#This Row],[Date d''expiration ]]>TODAY(),"Néant","Cas à justifier") -> Néant | I15: 34693 | J15: =YEARFRAC(I15,TODAY(),1) -> 31.699494 | K15: =YEARFRAC(I15,RG_DRH_S1_008!$E$4,1) -> 31.017112 | L15: =YEARFRAC(I15,RG_DRH_S1_008!$E$5,1) -> 32.017091 | M15: Encadrant Formation Trains | N15: E1450.E1400.Z2M.DM600.DH400.DH350 | O15: Matériel à Voyageurs | P15: Site Voyageurs Kénitra | Q15: 45334 | R15: Apte classe 1 | S15: =YEARFRAC(I15,Q15,1) -> 29.132827 | T15: =IF(Tableau35[[#This Row],[Âge Fin 26]]<40,"5",IF(Tableau35[[#This Row],[Âge Fin 26]]<50,"4",IF(Tableau35[[#This Row],[Âge Fin 26]]<55,"3","2"))) -> 5 | U15: =EDATE(Q15, (12*T15)) -> 47161 | V15: 44949 | W15: FAVORABLE MAINT | X15: =YEARFRAC(I15,V15,1) -> 28.080679 | Y15: =IF(Tableau35[[#This Row],[Âge Fin 26]]<40,"5",IF(Tableau35[[#This Row],[Âge Fin 26]]<55,"3","2")) -> 5 | Z15: =EDATE(V15, (12*Y15)) -> 46775 | AA15: 45968 | AB15: =IF(Tableau35[[#This Row],[Date prochaine évaluation]]> TODAY(),"Réussi","Examen expiré") -> Réussi | AC15: =EDATE(AA15, 12) -> 46333
B16: DOUDOU RIDOUANE | C16: 44869P | D16: Kénitra | F16: =IF(Tableau35[[#This Row],[Date d''expiration ]]>TODAY()+31,"✅",IF(Tableau35[[#This Row],[Date d''expiration ]]> TODAY()+1, "⚠️","⛔️")) -> ✅ | G16: =MIN(U16,Z16,AC16) -> 46333 | H16: =IF(Tableau35[[#This Row],[Date d''expiration ]]>TODAY(),"Néant","Cas à justifier") -> Néant | I16: 34380 | J16: =YEARFRAC(I16,TODAY(),1) -> 32.556459 | K16: =YEARFRAC(I16,RG_DRH_S1_008!$E$4,1) -> 31.874059 | L16: =YEARFRAC(I16,RG_DRH_S1_008!$E$5,1) -> 32.874056 | M16: Encadrant Formation Trains | N16: E1450.E1400.Z2M.DM600.DH400.DH351 | O16: Matériel à Voyageurs | P16: Site Voyageurs Kénitra | Q16: 45336 | R16: Apte classe 1 | S16: =YEARFRAC(I16,Q16,1) -> 29.995231 | T16: =IF(Tableau35[[#This Row],[Âge Fin 26]]<40,"5",IF(Tableau35[[#This Row],[Âge Fin 26]]<50,"4",IF(Tableau35[[#This Row],[Âge Fin 26]]<55,"3","2"))) -> 5 | U16: =EDATE(Q16, (12*T16)) -> 47163 | V16: 44950 | W16: FAVORABLE MAINT | X16: =YEARFRAC(I16,V16,1) -> 28.940403 | Y16: =IF(Tableau35[[#This Row],[Âge Fin 26]]<40,"5",IF(Tableau35[[#This Row],[Âge Fin 26]]<55,"3","2")) -> 5 | Z16: =EDATE(V16, (12*Y16)) -> 46776 | AA16: 45968 | AB16: =IF(Tableau35[[#This Row],[Date prochaine évaluation]]> TODAY(),"Réussi","Examen expiré") -> Réussi | AC16: =EDATE(AA16, 12) -> 46333
B17: EL OUEDRHIRI ACHRAF | C17: 46960E | D17: Kénitra | F17: =IF(Tableau35[[#This Row],[Date d''expiration ]]>TODAY()+31,"✅",IF(Tableau35[[#This Row],[Date d''expiration ]]> TODAY()+1, "⚠️","⛔️")) -> ⚠️ | G17: =MIN(U17,Z17,AC17) -> 46283 | H17: =IF(Tableau35[[#This Row],[Date d''expiration ]]>TODAY(),"Néant","Cas à justifier") -> Néant | I17: 37565 | J17: =YEARFRAC(I17,TODAY(),1) -> 23.836382 | K17: =YEARFRAC(I17,RG_DRH_S1_008!$E$4,1) -> 23.154004 | L17: =YEARFRAC(I17,RG_DRH_S1_008!$E$5,1) -> 24.153981 | M17: Encadrant Formation Trains | O17: Matériel à Voyageurs | P17: Site Voyageurs Kénitra | Q17: 45642 | R17: Apte classe 2 | S17: =YEARFRAC(I17,Q17,1) -> 22.112963 | T17: =IF(Tableau35[[#This Row],[Âge Fin 26]]<40,"5",IF(Tableau35[[#This Row],[Âge Fin 26]]<50,"4",IF(Tableau35[[#This Row],[Âge Fin 26]]<55,"3","2"))) -> 5 | U17: =EDATE(Q17, (12*T17)) -> 47468 | V17: 45786 | W17: FAVORABLE MAINT | X17: =YEARFRAC(I17,V17,1) -> 22.507871 | Y17: =IF(Tableau35[[#This Row],[Âge Fin 26]]<40,"5",IF(Tableau35[[#This Row],[Âge Fin 26]]<55,"3","2")) -> 5 | Z17: =EDATE(V17, (12*Y17)) -> 47612 | AA17: 45918 | AB17: =IF(Tableau35[[#This Row],[Date prochaine évaluation]]> TODAY(),"Réussi","Examen expiré") -> Réussi | AC17: =EDATE(AA17, 12) -> 46283
B18: EL YAQINE ZAKARIA | D18: Kénitra | F18: =IF(Tableau35[[#This Row],[Date d''expiration ]]>TODAY()+31,"✅",IF(Tableau35[[#This Row],[Date d''expiration ]]> TODAY()+1, "⚠️","⛔️")) -> ⚠️ | G18: =MIN(U18,Z18,AC18) -> 46283 | H18: =IF(Tableau35[[#This Row],[Date d''expiration ]]>TODAY(),"Néant","Cas à justifier") -> Néant | I18: 37565 | J18: =YEARFRAC(I18,TODAY(),1) -> 23.836382 | K18: =YEARFRAC(I18,RG_DRH_S1_008!$E$4,1) -> 23.154004 | L18: =YEARFRAC(I18,RG_DRH_S1_008!$E$5,1) -> 24.153981 | M18: Encadrant Formation Trains | O18: Matériel à Voyageurs | P18: Site Voyageurs Kénitra | Q18: 45642 | R18: Apte classe 2 | S18: =YEARFRAC(I18,Q18,1) -> 22.112963 | T18: =IF(Tableau35[[#This Row],[Âge Fin 26]]<40,"5",IF(Tableau35[[#This Row],[Âge Fin 26]]<50,"4",IF(Tableau35[[#This Row],[Âge Fin 26]]<55,"3","2"))) -> 5 | U18: =EDATE(Q18, (12*T18)) -> 47468 | V18: 45786 | W18: FAVORABLE MAINT | X18: =YEARFRAC(I18,V18,1) -> 22.507871 | Y18: =IF(Tableau35[[#This Row],[Âge Fin 26]]<40,"5",IF(Tableau35[[#This Row],[Âge Fin 26]]<55,"3","2")) -> 5 | Z18: =EDATE(V18, (12*Y18)) -> 47612 | AA18: 45918 | AB18: =IF(Tableau35[[#This Row],[Date prochaine évaluation]]> TODAY(),"Réussi","Examen expiré") -> Réussi | AC18: =EDATE(AA18, 12) -> 46283

Sheet CGPx Conduite
B2: Registre des habilitations : CGPx Conduite
B4: L'habilitation est valable pour une durée supérieure à un mois. | C4: ✅ | D4: L'habilitation est valable pour une durée inférieure à un mois. | F4: ⚠️ | G4: L'habilitation est expirée. | H4: ⛔️
B6: Collaborateur | F6: La validité de l'habilitation | I6: Âge | M6: Périmètre d'habilitation | P6: Aptitude physique (VM) | U6: Aptitude psychologique | Z6: Passage au simulateur | AC6: Heures de conduite en tant que CL
B7: Nom / prénom | C7: Matricule | D7: Résidence | E7: Date d'autorisation | F7: Validité | G7: Date d'expiration | H7: Motif | I7: Date naissance | J7: Âge actuel | K7: Âge Fin 25 | L7: Âge Fin 26 | M7: Fonction | N7: Engin | O7: Ligne | P7: Dernière VM | Q7: Résultat/Obs | R7: Âge_dernière VM | S7: Périodicité VM | T7: Date prochaine VM | U7: Dernier Psy | V7: Résultat/Obs | W7: Âge_dernier Psy | X7: Périodicité Psy | Y7: Date prochain Psy | Z7: Dernier passage | AA7: Résultat /Obs | AB7: Prochain passage | AC7: Total des heures de conduite au 31/12/2024 | AD7: Total des heures de conduite au 31/03/2025 | AE7: Total des heures de conduite au 30/06/2025 | AF7: Total des heures de conduite au 30/09/2025 | AG7: Total des heures de conduite au 31/12/2025
B8: RJEB MOHAMMED | C8: 40920N | D8: Fès | F8: =IF(Tableau32[[#This Row],[Date d''expiration ]]>TODAY()+31,"✅",IF(Tableau32[[#This Row],[Date d''expiration ]]> TODAY()+1, "⚠️","⛔️")) -> ⛔️ | G8: =MIN(T8,Y8,AB8) -> 46040 | H8: =IF( Tableau32[[#This Row],[Date d''expiration ]]>TODAY(),"Néant","Cas à justifier") -> Cas à justifier | I8: 26858 | J8: =YEARFRAC(I8,TODAY(),1) -> 53.151245 | K8: =YEARFRAC(I8,RG_DRH_S1_008!$E$4,1) -> 52.46885 | L8: =YEARFRAC(I8,RG_DRH_S1_008!$E$5,1) -> 53.468843 | M8: Encadrant Conduite Train | N8: E1450, E1400,E1250,E1300,DH400, DH350 | O8: Fès - Tanger Fès - Casa Voyageurs | P8: 45600 | Q8: Apte classe 1 | R8: =YEARFRAC(I8,P8,1) -> 51.312799 | S8: =IF(L8<40,"4",IF(L8<50,"3",IF(L8<55,"2","1"))) -> 2 | T8: =EDATE(P8, (12*S8)) -> 46330 | U8: 45919 | V8: FAVORABLE MAINT | W8: =YEARFRAC(I8,U8,1) -> 52.186848 | X8: =IF(L8<40,"4",IF(L8<55,"3","1")) -> 3 | Y8: =EDATE(U8, (12*X8)) -> 47015 | Z8: 45309 | AA8: Réussi | AB8: =EDATE(Z8, 24) -> 46040 | AC8: 78 heures | AD8: 11h17min
B9: LAMGHARI BELKACEM | C9: 41655N | D9: Fès | F9: =IF(Tableau32[[#This Row],[Date d''expiration ]]>TODAY()+31,"✅",IF(Tableau32[[#This Row],[Date d''expiration ]]> TODAY()+1, "⚠️","⛔️")) -> ⛔️ | G9: =MIN(T9,Y9,AB9) -> 46042 | H9: =IF( Tableau32[[#This Row],[Date d''expiration ]]>TODAY(),"Néant","Cas à justifier") -> Cas à justifier | I9: 27433 | J9: =YEARFRAC(I9,TODAY(),1) -> 51.575633 | K9: =YEARFRAC(I9,RG_DRH_S1_008!$E$4,1) -> 50.893225 | L9: =YEARFRAC(I9,RG_DRH_S1_008!$E$5,1) -> 51.893224 | M9: Encadrant Conduite Train | N9: E1450, E1400,E1250,E1300,DH400, DH350 | O9: Fès - Tanger Fès - Casa Voyageurs | P9: 45954 | Q9: Apte classe 1 | R9: =YEARFRAC(I9,P9,1) -> 50.707054 | S9: =IF(L9<40,"4",IF(L9<50,"3",IF(L9<55,"2","1"))) -> 2 | T9: =EDATE(P9, (12*S9)) -> 46684 | U9: 45954 | V9: FAVORABLE MAINT | W9: =YEARFRAC(I9,U9,1) -> 50.707054 | X9: =IF(L9<40,"4",IF(L9<55,"3","1")) -> 3 | Y9: =EDATE(U9, (12*X9)) -> 47050 | Z9: 45311 | AA9: Réussi | AB9: =EDATE(Z9, 24) -> 46042 | AC9: 0 | AD9: 0
B10: BOUICHTAT DRISS | C10: 41667D | D10: Fès | F10: =IF(Tableau32[[#This Row],[Date d''expiration ]]>TODAY()+31,"✅",IF(Tableau32[[#This Row],[Date d''expiration ]]> TODAY()+1, "⚠️","⛔️")) -> ⛔️ | G10: =MIN(T10,Y10,AB10) -> 46028 | H10: =IF( Tableau32[[#This Row],[Date d''expiration ]]>TODAY(),"Néant","Cas à justifier") -> Cas à justifier | I10: 30027 | J10: =YEARFRAC(I10,TODAY(),1) -> 44.474325 | K10: =YEARFRAC(I10,RG_DRH_S1_008!$E$4,1) -> 43.791923 | L10: =YEARFRAC(I10,RG_DRH_S1_008!$E$5,1) -> 44.79192 | M10: Encadrant Conduite Train | N10: E1450, E1400,E1250,E1300,DH400, DH350 | O10: Fès - Tanger Fès - Casa Voyageurs | P10: 44932 | Q10: Apte classe 1 | R10: =YEARFRAC(I10,P10,1) -> 40.808996 | S10: =IF(L10<40,"4",IF(L10<50,"3",IF(L10<55,"2","1"))) -> 3 | T10: =EDATE(P10, (12*S10)) -> 46028 | U10: 44966 | V10: FAVORABLE MAINT | W10: =YEARFRAC(I10,U10,1) -> 40.902086 | X10: =IF(L10<40,"4",IF(L10<55,"3","1")) -> 3 | Y10: =EDATE(U10, (12*X10)) -> 46062 | Z10: 45421 | AA10: Date d'autorisation à la fonction | AB10: =EDATE(Z10, 24) -> 46151 | AC10: 220 heures | AD10: 25h46min
B11: TAYBI TAYEB | C11: 42140R | D11: Fès | F11: =IF(Tableau32[[#This Row],[Date d''expiration ]]>TODAY()+31,"✅",IF(Tableau32[[#This Row],[Date d''expiration ]]> TODAY()+1, "⚠️","⛔️")) -> ⛔️ | G11: =MIN(T11,Y11,AB11) -> 46038 | H11: =IF( Tableau32[[#This Row],[Date d''expiration ]]>TODAY(),"Néant","Cas à justifier") -> Cas à justifier | I11: 30665 | J11: =YEARFRAC(I11,TODAY(),1) -> 42.726899 | K11: =YEARFRAC(I11,RG_DRH_S1_008!$E$4,1) -> 42.044505 | L11: =YEARFRAC(I11,RG_DRH_S1_008!$E$5,1) -> 43.04449 | M11: Encadrant Conduite Train | N11: E1450, E1400,E1250,E1300,DH400, DH350 | O11: Fès - Tanger Fès - Casa Voyageurs | P11: 45042 | Q11: Apte classe 1 | R11: =YEARFRAC(I11,P11,1) -> 39.362738 | S11: =IF(L11<40,"4",IF(L11<50,"3",IF(L11<55,"2","1"))) -> 3 | T11: =EDATE(P11, (12*S11)) -> 46138 | U11: 45414 | V11: FAVORABLE MAINT | W11: =YEARFRAC(I11,U11,1) -> 40.379245 | X11: =IF(L11<40,"4",IF(L11<55,"3","1")) -> 3 | Y11: =EDATE(U11, (12*X11)) -> 46509 | Z11: 45307 | AA11: Réussi | AB11: =EDATE(Z11, 24) -> 46038 | AC11: 89 heures | AD11: 18h21min
B12: BENSAID AHMED | C12: 42147A | D12: Fès | F12: =IF(Tableau32[[#This Row],[Date d''expiration ]]>TODAY()+31,"✅",IF(Tableau32[[#This Row],[Date d''expiration ]]> TODAY()+1, "⚠️","⛔️")) -> ⛔️ | G12: =MIN(T12,Y12,AB12) -> 46034 | H12: =IF( Tableau32[[#This Row],[Date d''expiration ]]>TODAY(),"Néant","Cas à justifier") -> Cas à justifier | I12: 30491 | J12: =YEARFRAC(I12,TODAY(),1) -> 43.203285 | K12: =YEARFRAC(I12,RG_DRH_S1_008!$E$4,1) -> 42.520884 | L12: =YEARFRAC(I12,RG_DRH_S1_008!$E$5,1) -> 43.520876 | M12: Encadrant Conduite Train | N12: E1450, E1400,E1250,E1300,DH400, DH350 | O12: Fès - Tanger Fès - Casa Voyageurs | P12: 44946 | Q12: Apte classe 1 | R12: =YEARFRAC(I12,P12,1) -> 39.576294 | S12: =IF(L12<40,"4",IF(L12<50,"3",IF(L12<55,"2","1"))) -> 3 | T12: =EDATE(P12, (12*S12)) -> 46042 | U12: 45419 | V12: FAVORABLE MAINT | W12: =YEARFRAC(I12,U12,1) -> 40.869304 | X12: =IF(L12<40,"4",IF(L12<55,"3","1")) -> 3 | Y12: =EDATE(U12, (12*X12)) -> 46514 | Z12: 45303 | AA12: Réussi | AB12: =EDATE(Z12, 24) -> 46034 | AC12: 99 heures | AD12: 11h05min
B13: BARBACH ABDELKARIM | C13: 42407J | D13: Fès | F13: =IF(Tableau32[[#This Row],[Date d''expiration ]]>TODAY()+31,"✅",IF(Tableau32[[#This Row],[Date d''expiration ]]> TODAY()+1, "⚠️","⛔️")) -> ⛔️ | G13: =MIN(T13,Y13,AB13) -> 46037 | H13: =IF( Tableau32[[#This Row],[Date d''expiration ]]>TODAY(),"Néant","Cas à justifier") -> Cas à justifier | I13: 32233 | J13: =YEARFRAC(I13,TODAY(),1) -> 38.433275 | K13: =YEARFRAC(I13,RG_DRH_S1_008!$E$4,1) -> 37.750865 | L13: =YEARFRAC(I13,RG_DRH_S1_008!$E$5,1) -> 38.75086 | M13: Encadrant Conduite Train | N13: DH400, DH350 | O13: Fès - Oujda | P13: 44957 | Q13: Apte classe 1 | R13: =YEARFRAC(I13,P13,1) -> 34.836413 | S13: =IF(L13<40,"4",IF(L13<50,"3",IF(L13<55,"2","1"))) -> 4 | T13: =EDATE(P13, (12*S13)) -> 46418 | U13: 45824 | V13: FAVORABLE MAINT | W13: =YEARFRAC(I13,U13,1) -> 37.20879 | X13: =IF(L13<40,"4",IF(L13<55,"3","1")) -> 4 | Y13: =EDATE(U13, (12*X13)) -> 47285 | Z13: 45306 | AA13: Réussi | AB13: =EDATE(Z13, 24) -> 46037 | AC13: 0 | AD13: 17h03min
B14: MAGOURI ABD-EL-ILAH | C14: 42419Z | D14: Fès | F14: =IF(Tableau32[[#This Row],[Date d''expiration ]]>TODAY()+31,"✅",IF(Tableau32[[#This Row],[Date d''expiration ]]> TODAY()+1, "⚠️","⛔️")) -> ⛔️ | G14: =MIN(T14,Y14,AB14) -> 46042 | H14: =IF( Tableau32[[#This Row],[Date d''expiration ]]>TODAY(),"Néant","Cas à justifier") -> Cas à justifier | I14: 31340 | J14: =YEARFRAC(I14,TODAY(),1) -> 40.880183 | K14: =YEARFRAC(I14,RG_DRH_S1_008!$E$4,1) -> 40.197796 | L14: =YEARFRAC(I14,RG_DRH_S1_008!$E$5,1) -> 41.197784 | M14: Encadrant Conduite Train | N14: E1450, E1400,E1250,E1300,DH400, DH350 | O14: Fès - Tanger Fès - Casa Voyageurs | P14: 45758 | Q14: Apte classe 1 | R14: =YEARFRAC(I14,P14,1) -> 39.474992 | S14: =IF(L14<40,"4",IF(L14<50,"3",IF(L14<55,"2","1"))) -> 3 | T14: =EDATE(P14, (12*S14)) -> 46854 | U14: 45044 | V14: FAVORABLE MAINT | W14: =YEARFRAC(I14,U14,1) -> 37.521483 | X14: =IF(L14<40,"4",IF(L14<55,"3","1")) -> 3 | Y14: =EDATE(U14, (12*X14)) -> 46140 | Z14: 45311 | AA14: Réussi | AB14: =EDATE(Z14, 24) -> 46042 | AC14: 126 heures | AD14: 20h41min
B15: HARFI OMAR | C15: 47458Y | D15: Fès | F15: =IF(Tableau32[[#This Row],[Date d''expiration ]]>TODAY()+31,"✅",IF(Tableau32[[#This Row],[Date d''expiration ]]> TODAY()+1, "⚠️","⛔️")) -> ✅ | G15: =MIN(T15,Y15,AB15) -> 46361 | H15: =IF( Tableau32[[#This Row],[Date d''expiration ]]>TODAY(),"Néant","Cas à justifier") -> Néant | I15: 35824 | J15: =YEARFRAC(I15,TODAY(),1) -> 28.603002 | K15: =YEARFRAC(I15,RG_DRH_S1_008!$E$4,1) -> 27.920602 | L15: =YEARFRAC(I15,RG_DRH_S1_008!$E$5,1) -> 28.9206 | M15: Chargé de Traction | N15: E1400, E1450 | O15: Fès - Casa Casa-Tanger | P15: 45698 | Q15: Apte classe 1 | R15: =YEARFRAC(I15,P15,1) -> 27.033539 | S15: =IF(L15<40,"4",IF(L15<50,"3",IF(L15<55,"2","1"))) -> 4 | T15: =EDATE(P15, (12*S15)) -> 47159 | U15: 45321 | V15: FAVORABLE MAINT | W15: =YEARFRAC(I15,U15,1) -> 26.00071 | X15: =IF(L15<40,"4",IF(L15<55,"3","1")) -> 4 | Y15: =EDATE(U15, (12*X15)) -> 46782 | Z15: 45631 | AA15: Réussi | AB15: =EDATE(Z15, 24) -> 46361 | AC15: nouvellement autorisé | AD15: 0
B16: BOUBAGRA Amar | C16: 43160F | D16: Fès | F16: =IF(Tableau32[[#This Row],[Date d''expiration ]]>TODAY()+31,"✅",IF(Tableau32[[#This Row],[Date d''expiration ]]> TODAY()+1, "⚠️","⛔️")) -> ✅ | G16: =MIN(T16,Y16,AB16) -> 46382 | H16: =IF( Tableau32[[#This Row],[Date d''expiration ]]>TODAY(),"Néant","Cas à justifier") -> Néant | I16: 33508 | J16: =YEARFRAC(I16,TODAY(),1) -> 34.94319 | K16: =YEARFRAC(I16,RG_DRH_S1_008!$E$4,1) -> 34.260795 | L16: =YEARFRAC(I16,RG_DRH_S1_008!$E$5,1) -> 35.26078 | M16: Encadrant Conduite Train | N16: E1450, E1400 | O16: Fès - Tanger Fès - Casa Voyageurs | P16: 45677 | Q16: Apte classe 1 | R16: =YEARFRAC(I16,P16,1) -> 33.316255 | S16: =IF(L16<40,"4",IF(L16<50,"3",IF(L16<55,"2","1"))) -> 4 | T16: =EDATE(P16, (12*S16)) -> 47138 | U16: 45012 | V16: FAVORABLE MAINT | W16: =YEARFRAC(I16,U16,1) -> 31.496889 | X16: =IF(L16<40,"4",IF(L16<55,"3","1")) -> 4 | Y16: =EDATE(U16, (12*X16)) -> 46473 | Z16: 45652 | AA16: Date d'autorisation à la fonction | AB16: =EDATE(Z16, 24) -> 46382 | AC16: nouvellement autorisé | AD16: 23h56min
B17: HOUARI Fouad | C17: 43162H | D17: Fès | F17: =IF(Tableau32[[#This Row],[Date d''expiration ]]>TODAY()+31,"✅",IF(Tableau32[[#This Row],[Date d''expiration ]]> TODAY()+1, "⚠️","⛔️")) -> ✅ | G17: =MIN(T17,Y17,AB17) -> 46382 | H17: =IF( Tableau32[[#This Row],[Date d''expiration ]]>TODAY(),"Néant","Cas à justifier") -> Néant | I17: 32758 | J17: =YEARFRAC(I17,TODAY(),1) -> 36.997911 | K17: =YEARFRAC(I17,RG_DRH_S1_008!$E$4,1) -> 36.315525 | L17: =YEARFRAC(I17,RG_DRH_S1_008!$E$5,1) -> 37.315513 | M17: Encadrant Conduite Train | N17: E1450, E1400 | O17: Fès - Tanger Fès - Casa Voyageurs | P17: 45761 | Q17: Apte classe 1 | R17: =YEARFRAC(I17,P17,1) -> 35.600932 | S17: =IF(L17<40,"4",IF(L17<50,"3",IF(L17<55,"2","1"))) -> 4 | T17: =EDATE(P17, (12*S17)) -> 47222 | U17: 45313 | V17: FAVORABLE MAINT | W17: =YEARFRAC(I17,U17,1) -> 34.373717 | X17: =IF(L17<40,"4",IF(L17<55,"3","1")) -> 4 | Y17: =EDATE(U17, (12*X17)) -> 46774 | Z17: 45652 | AA17: Date d'autorisation à la fonction | AB17: =EDATE(Z17, 24) -> 46382 | AC17: nouvellement autorisé | AD17: 13h
B18: ZIACH Soufiane | C18: 43183H | D18: Fès | F18: =IF(Tableau32[[#This Row],[Date d''expiration ]]>TODAY()+31,"✅",IF(Tableau32[[#This Row],[Date d''expiration ]]> TODAY()+1, "⚠️","⛔️")) -> ✅ | G18: =MIN(T18,Y18,AB18) -> 46382 | H18: =IF( Tableau32[[#This Row],[Date d''expiration ]]>TODAY(),"Néant","Cas à justifier") -> Néant | I18: 32622 | J18: =YEARFRAC(I18,TODAY(),1) -> 37.370272 | K18: =YEARFRAC(I18,RG_DRH_S1_008!$E$4,1) -> 36.687879 | L18: =YEARFRAC(I18,RG_DRH_S1_008!$E$5,1) -> 37.687874 | M18: Encadrant Conduite Train | N18: E1450, E1400 | O18: Fès - Tanger Fès - Casa Voyageurs | P18: 45793 | Q18: Apte classe 1 | R18: =YEARFRAC(I18,P18,1) -> 36.0609 | S18: =IF(L18<40,"4",IF(L18<50,"3",IF(L18<55,"2","1"))) -> 4 | T18: =EDATE(P18, (12*S18)) -> 47254 | U18: 45303 | V18: FAVORABLE MAINT | W18: =YEARFRAC(I18,U18,1) -> 34.718686 | X18: =IF(L18<40,"4",IF(L18<55,"3","1")) -> 4 | Y18: =EDATE(U18, (12*X18)) -> 46764 | Z18: 45652 | AA18: Date d'autorisation à la fonction | AB18: =EDATE(Z18, 24) -> 46382 | AC18: nouvellement autorisé | AD18: 19h44min
B19: BCHI MOUAD | C19: 43848A | D19: Kénitra | F19: =IF(Tableau32[[#This Row],[Date d''expiration ]]>TODAY()+31,"✅",IF(Tableau32[[#This Row],[Date d''expiration ]]> TODAY()+1, "⚠️","⛔️")) -> ⛔️ | G19: =MIN(T19,Y19,AB19) -> 46034 | H19: =IF( Tableau32[[#This Row],[Date d''expiration ]]>TODAY(),"Néant","Cas à justifier") -> Cas à justifier | I19: 33868 | J19: =YEARFRAC(I19,TODAY(),1) -> 33.956899 | K19: =YEARFRAC(I19,RG_DRH_S1_008!$E$4,1) -> 33.274499 | L19: =YEARFRAC(I19,RG_DRH_S1_008!$E$5,1) -> 34.274484 | M19: Encadrant Conduite Train | N19: E1450, E1400, Z2M, E1300, E1250 | O19: Fès - Casa Casa-Kenitra Casa-Tanger Casa-Marrakech Casa-Eljadida | P19: 45749 | Q19: Apte classe 1 | R19: =YEARFRAC(I19,P19,1) -> 32.527096 | S19: =IF(L19<40,"4",IF(L19<50,"3",IF(L19<55,"2","1"))) -> 4 | T19: =EDATE(P19, (12*S19)) -> 47210 | U19: 45104 | V19: FAVORABLE MAINT | W19: =YEARFRAC(I19,U19,1) -> 30.762491 | X19: =IF(L19<40,"4",IF(L19<55,"3","1")) -> 4 | Y19: =EDATE(U19, (12*X19)) -> 46565 | Z19: 45303 | AA19: Réussi | AB19: =EDATE(Z19, 24) -> 46034 | AC19: 60 heures | AD19: 10h50 | AE19: 36h35
B20: BOUCHAMA MOUNTASSIR | C20: 43511Z | D20: Kénitra | F20: =IF(Tableau32[[#This Row],[Date d''expiration ]]>TODAY()+31,"✅",IF(Tableau32[[#This Row],[Date d''expiration ]]> TODAY()+1, "⚠️","⛔️")) -> ⛔️ | G20: =MIN(T20,Y20,AB20) -> 46038 | H20: NEANT | I20: 31274 | J20: =YEARFRAC(I20,TODAY(),1) -> 41.060887 | K20: =YEARFRAC(I20,RG_DRH_S1_008!$E$4,1) -> 40.378497 | L20: =YEARFRAC(I20,RG_DRH_S1_008!$E$5,1) -> 41.378488 | M20: Encadrant Conduite Train | N20: Z2M, E1300, E1250, E1400, E1450 DH400, DH350 | O20: Fès - Casa Casa-Kenitra Casa-Tanger Casa-Marrakech Casa-Eljadida | P20: 45224 | Q20: Apte classe 1 | R20: =YEARFRAC(I20,P20,1) -> 38.195029 | S20: =IF(L20<40,"4",IF(L20<50,"3",IF(L20<55,"2","1"))) -> 3 | T20: =EDATE(P20, (12*S20)) -> 46320 | U20: 45884 | V20: FAVORABLE MAINT | W20: =YEARFRAC(I20,U20,1) -> 40.000668 | X20: =IF(L20<40,"4",IF(L20<55,"3","1")) -> 3 | Y20: =EDATE(U20, (12*X20)) -> 46980 | Z20: 45307 | AA20: Réussi | AB20: =EDATE(Z20, 24) -> 46038 | AC20: 60 heures | AD20: 7h50 | AE20: 37h31
B21: DEROUICHE MEHDI | C21: 44563B | D21: Kénitra | F21: =IF(Tableau32[[#This Row],[Date d''expiration ]]>TODAY()+31,"✅",IF(Tableau32[[#This Row],[Date d''expiration ]]> TODAY()+1, "⚠️","⛔️")) -> ⛔️ | G21: =MIN(T21,Y21,AB21) -> 45990 | H21: APTE CLASSE 1 rendez vous le 12/12/2026 | I21: 34700 | J21: =YEARFRAC(I21,TODAY(),1) -> 31.679671 | K21: =YEARFRAC(I21,RG_DRH_S1_008!$E$4,1) -> 30.997262 | L21: =YEARFRAC(I21,RG_DRH_S1_008!$E$5,1) -> 31.997262 | M21: Encadrant Conduite Train | N21: Z2M, E1300, E1250, E1400, E1450 DH400, DH350 | O21: Fès - Casa Casa-Kenitra Casa-Tanger Casa-Marrakech Casa-Eljadida | P21: 46003 | Q21: Apte classe 1 | R21: =YEARFRAC(I21,P21,1) -> 30.945244 | S21: =IF(L21<40,"4",IF(L21<50,"3",IF(L21<55,"2","1"))) -> 4 | T21: =EDATE(P21, (12*S21)) -> 47464 | U21: 45600 | V21: FAVORABLE MAINT | W21: =YEARFRAC(I21,U21,1) -> 29.841212 | X21: =IF(L21<40,"4",IF(L21<55,"3","1")) -> 4 | Y21: =EDATE(U21, (12*X21)) -> 47061 | Z21: 45259 | AA21: Date d'autorisation à la fonction | AB21: =EDATE(Z21, 24) -> 45990 | AC21: 134 heures | AD21: 16 heures | AE21: 32h33
B22: KRIBEL AYYOUB | C22: 45381A | D22: Kénitra | F22: =IF(Tableau32[[#This Row],[Date d''expiration ]]>TODAY()+31,"✅",IF(Tableau32[[#This Row],[Date d''expiration ]]> TODAY()+1, "⚠️","⛔️")) -> ⛔️ | G22: =MIN(T22,Y22,AB22) -> 45984 | H22: =IF( Tableau32[[#This Row],[Date d''expiration ]]>TODAY(),"Néant","Cas à justifier") -> Cas à justifier | I22: 34564 | J22: =YEARFRAC(I22,TODAY(),1) -> 32.052684 | K22: =YEARFRAC(I22,RG_DRH_S1_008!$E$4,1) -> 31.370294 | L22: =YEARFRAC(I22,RG_DRH_S1_008!$E$5,1) -> 32.370281 | M22: Encadrant Conduite Train | N22: E1450, E1400, Z2M, E1300, E1250 | O22: Fès - Casa Casa-Kenitra Casa-Tanger Casa-Marrakech Casa-Eljadida | P22: 45217 | Q22: Apte classe 1 | R22: =YEARFRAC(I22,P22,1) -> 29.167655 | S22: =IF(L22<40,"4",IF(L22<50,"3",IF(L22<55,"2","1"))) -> 4 | T22: =EDATE(P22, (12*S22)) -> 46678 | U22: 44874 | V22: FAVORABLE MAINT | W22: =YEARFRAC(I22,U22,1) -> 28.227908 | X22: =IF(L22<40,"4",IF(L22<55,"3","1")) -> 4 | Y22: =EDATE(U22, (12*X22)) -> 46335 | Z22: 45253 | AA22: Date d'autorisation à la fonction | AB22: =EDATE(Z22, 24) -> 45984 | AC22: 153 heures | AD22: 9 heures | AE22: 65h06
B23: TRIOUAT EL YAZID | C23: 42940T | D23: Kénitra | F23: =IF(Tableau32[[#This Row],[Date d''expiration ]]>TODAY()+31,"✅",IF(Tableau32[[#This Row],[Date d''expiration ]]> TODAY()+1, "⚠️","⛔️")) -> ⛔️ | G23: =MIN(T23,Y23,AB23) -> 46045 | H23: =IF( Tableau32[[#This Row],[Date d''expiration ]]>TODAY(),"Néant","Cas à justifier") -> Cas à justifier | I23: 31828 | J23: =YEARFRAC(I23,TODAY(),1) -> 39.542779 | K23: =YEARFRAC(I23,RG_DRH_S1_008!$E$4,1) -> 38.860372 | L23: =YEARFRAC(I23,RG_DRH_S1_008!$E$5,1) -> 39.86037 | M23: Encadrant Conduite Train | N23: Z2M, E1300, E1250, E1400, E1450 DH400, DH350 | O23: Fès - Casa Casa-Kenitra Casa-Tanger Casa-Marrakech Casa-Eljadida | P23: 45544 | Q23: Apte classe 1 | R23: =YEARFRAC(I23,P23,1) -> 37.551009 | S23: =IF(L23<40,"4",IF(L23<50,"3",IF(L23<55,"2","1"))) -> 4 | T23: =EDATE(P23, (12*S23)) -> 47005 | U23: 45825 | V23: FAVORABLE MAINT | W23: =YEARFRAC(I23,U23,1) -> 38.321025 | X23: =IF(L23<40,"4",IF(L23<55,"3","1")) -> 4 | Y23: =EDATE(U23, (12*X23)) -> 47286 | Z23: 45314 | AA23: Réussi | AB23: =EDATE(Z23, 24) -> 46045 | AC23: 85 heures | AD23: 17 heures | AE23: 52h03
B24: RITEB HAMZA | C24: 47457X | D24: Kénitra | F24: =IF(Tableau32[[#This Row],[Date d''expiration ]]>TODAY()+31,"✅",IF(Tableau32[[#This Row],[Date d''expiration ]]> TODAY()+1, "⚠️","⛔️")) -> ✅ | G24: =MIN(T24,Y24,AB24) -> 46361 | H24: =IF( Tableau32[[#This Row],[Date d''expiration ]]>TODAY(),"Néant","Cas à justifier") -> Néant | I24: 34682 | J24: =YEARFRAC(I24,TODAY(),1) -> 31.729611 | K24: =YEARFRAC(I24,RG_DRH_S1_008!$E$4,1) -> 31.047228 | L24: =YEARFRAC(I24,RG_DRH_S1_008!$E$5,1) -> 32.047208 | M24: Chargé de Traction | N24: Z2M,E1400, E1450 | O24: Fès - Casa Casa-Kenitra Casa-Tanger Casa-Marrakech | P24: 45699 | Q24: Apte classe 1 | R24: =YEARFRAC(I24,P24,1) -> 30.162902 | S24: =IF(L24<40,"4",IF(L24<50,"3",IF(L24<55,"2","1"))) -> 4 | T24: =EDATE(P24, (12*S24)) -> 47160 | U24: 45322 | V24: FAVORABLE MAINT | W24: =YEARFRAC(I24,U24,1) -> 29.130089 | X24: =IF(L24<40,"4",IF(L24<55,"3","1")) -> 4 | Y24: =EDATE(U24, (12*X24)) -> 46783 | Z24: 45631 | AA24: Réussi | AB24: =EDATE(Z24, 24) -> 46361 | AC24: nouvellement autorisé | AD24: 5 heures
B25: HAMDANE AHMED | C25: 42693A | D25: Kénitra | F25: =IF(Tableau32[[#This Row],[Date d''expiration ]]>TODAY()+31,"✅",IF(Tableau32[[#This Row],[Date d''expiration ]]> TODAY()+1, "⚠️","⛔️")) -> ✅ | G25: =MIN(T25,Y25,AB25) -> 46382 | H25: =IF( Tableau32[[#This Row],[Date d''expiration ]]>TODAY(),"Néant","Cas à justifier") -> Néant | I25: 31878 | J25: =YEARFRAC(I25,TODAY(),1) -> 39.405886 | K25: =YEARFRAC(I25,RG_DRH_S1_008!$E$4,1) -> 38.723482 | L25: =YEARFRAC(I25,RG_DRH_S1_008!$E$5,1) -> 39.723477 | M25: Encadrant Conduite Train | N25: E1450, E1400, Z2M, E1300, E1250, DH400, DH350 | O25: Casa-Kenitra, Casa-Tanger , Casa-Marrakech, Fès - Casa | P25: 45322 | Q25: Apte classe 1 | R25: =YEARFRAC(I25,P25,1) -> 36.80634 | S25: =IF(L25<40,"4",IF(L25<50,"3",IF(L25<55,"2","1"))) -> 4 | T25: =EDATE(P25, (12*S25)) -> 46783 | U25: 45316 | V25: FAVORABLE MAINT | W25: =YEARFRAC(I25,U25,1) -> 36.789914 | X25: =IF(L25<40,"4",IF(L25<55,"3","1")) -> 4 | Y25: =EDATE(U25, (12*X25)) -> 46777 | Z25: 45652 | AA25: Date d'autorisation à la fonction | AB25: =EDATE(Z25, 24) -> 46382 | AC25: nouvellement autorisé | AD25: 5h50 | AE25: 27h3
B26: EL FAKIR MOHAMED | C26: 42134J | D26: Nador | F26: =IF(Tableau32[[#This Row],[Date d''expiration ]]>TODAY()+31,"✅",IF(Tableau32[[#This Row],[Date d''expiration ]]> TODAY()+1, "⚠️","⛔️")) -> ⛔️ | G26: =MIN(T26,Y26,AB26) -> 46040 | H26: =IF( Tableau32[[#This Row],[Date d''expiration ]]>TODAY(),"Néant","Cas à justifier") -> Cas à justifier | I26: 31024 | J26: =YEARFRAC(I26,TODAY(),1) -> 41.743346 | K26: =YEARFRAC(I26,RG_DRH_S1_008!$E$4,1) -> 41.060948 | L26: =YEARFRAC(I26,RG_DRH_S1_008!$E$5,1) -> 42.060932 | M26: Encadrant Conduite Train | N26: DH400, DH350 | O26: Fès - Beni Ansar | P26: 45334 | Q26: Apte classe 1 | R26: =YEARFRAC(I26,P26,1) -> 39.176683 | S26: =IF(L26<40,"4",IF(L26<50,"3",IF(L26<55,"2","1"))) -> 3 | T26: =EDATE(P26, (12*S26)) -> 46430 | U26: 45084 | V26: FAVORABLE MAINT | W26: =YEARFRAC(I26,U26,1) -> 38.494182 | X26: =IF(L26<40,"4",IF(L26<55,"3","1")) -> 3 | Y26: =EDATE(U26, (12*X26)) -> 46180 | Z26: 45309 | AA26: Réussi | AB26: =EDATE(Z26, 24) -> 46040 | AC26: 0 | AD26: 0
B27: AZRAF MOHAMED | C27: 42406H | D27: Nador | F27: =IF(Tableau32[[#This Row],[Date d''expiration ]]>TODAY()+31,"✅",IF(Tableau32[[#This Row],[Date d''expiration ]]> TODAY()+1, "⚠️","⛔️")) -> ⛔️ | G27: =MIN(T27,Y27,AB27) -> 46038 | H27: =IF( Tableau32[[#This Row],[Date d''expiration ]]>TODAY(),"Néant","Cas à justifier") -> Cas à justifier | I27: 31126 | J27: =YEARFRAC(I27,TODAY(),1) -> 41.466102 | K27: =YEARFRAC(I27,RG_DRH_S1_008!$E$4,1) -> 40.783706 | L27: =YEARFRAC(I27,RG_DRH_S1_008!$E$5,1) -> 41.783703 | M27: Encadrant Conduite Train | N27: DH400, DH350 | O27: Fès - Beni Ansar | P27: 45779 | Q27: Apte classe 1 | R27: =YEARFRAC(I27,P27,1) -> 40.118397 | S27: =IF(L27<40,"4",IF(L27<50,"3",IF(L27<55,"2","1"))) -> 3 | T27: =EDATE(P27, (12*S27)) -> 46875 | U27: 45083 | V27: FAVORABLE MAINT | W27: =YEARFRAC(I27,U27,1) -> 38.214195 | X27: =IF(L27<40,"4",IF(L27<55,"3","1")) -> 3 | Y27: =EDATE(U27, (12*X27)) -> 46179 | Z27: 45307 | AA27: Réussi | AB27: =EDATE(Z27, 24) -> 46038 | AC27: 89 heures | AD27: 30h26min
B28: HARNOUFI Abdelmajid | C28: 43516E | D28: Nador | F28: =IF(Tableau32[[#This Row],[Date d''expiration ]]>TODAY()+31,"✅",IF(Tableau32[[#This Row],[Date d''expiration ]]> TODAY()+1, "⚠️","⛔️")) -> ✅ | G28: =MIN(T28,Y28,AB28) -> 47091 | H28: =IF( Tableau32[[#This Row],[Date d''expiration ]]>TODAY(),"Néant","Cas à justifier") -> Néant | I28: 33380 | J28: =YEARFRAC(I28,TODAY(),1) -> 35.293634 | K28: =YEARFRAC(I28,RG_DRH_S1_008!$E$4,1) -> 34.611233 | L28: =YEARFRAC(I28,RG_DRH_S1_008!$E$5,1) -> 35.611225 | M28: Encadrant Conduite Train | N28: DH400, DH350 | O28: Fès - Beni Ansar | P28: 45630 | Q28: Apte classe 1 | R28: =YEARFRAC(I28,P28,1) -> 33.537322 | S28: =IF(L28<40,"4",IF(L28<50,"3",IF(L28<55,"2","1"))) -> 4 | T28: =EDATE(P28, (12*S28)) -> 47091 | U28: 45630 | V28: FAVORABLE MAINT | W28: =YEARFRAC(I28,U28,1) -> 33.537322 | X28: =IF(L28<40,"4",IF(L28<55,"3","1")) -> 4 | Y28: =EDATE(U28, (12*X28)) -> 47091 | AC28: 32 heures | AD28: 31h02min
B29: YAHYA ABDELLAH | C29: 42138N | D29: Oujda | F29: =IF(Tableau32[[#This Row],[Date d''expiration ]]>TODAY()+31,"✅",IF(Tableau32[[#This Row],[Date d''expiration ]]> TODAY()+1, "⚠️","⛔️")) -> ⛔️ | G29: =MIN(T29,Y29,AB29) -> 45984 | H29: =IF( Tableau32[[#This Row],[Date d''expiration ]]>TODAY(),"Néant","Cas à justifier") -> Cas à justifier | I29: 31391 | J29: =YEARFRAC(I29,TODAY(),1) -> 40.740548 | K29: =YEARFRAC(I29,RG_DRH_S1_008!$E$4,1) -> 40.058164 | L29: =YEARFRAC(I29,RG_DRH_S1_008!$E$5,1) -> 41.058149 | M29: Encadrant Conduite Train | N29: DH400, DH350 | O29: Fès - Oujda | P29: 44957 | Q29: Apte classe 1 | R29: =YEARFRAC(I29,P29,1) -> 37.143639 | S29: =IF(L29<40,"4",IF(L29<50,"3",IF(L29<55,"2","1"))) -> 3 | T29: =EDATE(P29, (12*S29)) -> 46053 | U29: 44957 | V29: FAVORABLE MAINT | W29: =YEARFRAC(I29,U29,1) -> 37.143639 | X29: =IF(L29<40,"4",IF(L29<55,"3","1")) -> 3 | Y29: =EDATE(U29, (12*X29)) -> 46053 | Z29: 45253 | AA29: Date d'autorisation à la fonction | AB29: =EDATE(Z29, 24) -> 45984 | AD29: 11h34min
B30: BENGUEMRA FATH ALLAH | C30: 42409L | D30: Oujda | F30: =IF(Tableau32[[#This Row],[Date d''expiration ]]>TODAY()+31,"✅",IF(Tableau32[[#This Row],[Date d''expiration ]]> TODAY()+1, "⚠️","⛔️")) -> ⛔️ | G30: =MIN(T30,Y30,AB30) -> 46041 | H30: =IF( Tableau32[[#This Row],[Date d''expiration ]]>TODAY(),"Néant","Cas à justifier") -> Cas à justifier | I30: 31427 | J30: =YEARFRAC(I30,TODAY(),1) -> 40.641336 | K30: =YEARFRAC(I30,RG_DRH_S1_008!$E$4,1) -> 39.958932 | L30: =YEARFRAC(I30,RG_DRH_S1_008!$E$5,1) -> 40.958932 | M30: Encadrant Conduite Train | N30: DH400, DH350 | O30: Fès - Oujda | P30: 44973 | Q30: Apte classe 1 | R30: =YEARFRAC(I30,P30,1) -> 37.088263 | S30: =IF(L30<40,"4",IF(L30<50,"3",IF(L30<55,"2","1"))) -> 3 | T30: =EDATE(P30, (12*S30)) -> 46069 | U30: 44973 | V30: FAVORABLE MAINT | W30: =YEARFRAC(I30,U30,1) -> 37.088263 | X30: =IF(L30<40,"4",IF(L30<55,"3","1")) -> 3 | Y30: =EDATE(U30, (12*X30)) -> 46069 | Z30: 45310 | AA30: Réussi | AB30: =EDATE(Z30, 24) -> 46041 | AC30: 0 | AD30: 11h09min
B31: NAJIM ELMOKHTAR | C31: 42697E | D31: Oujda | F31: =IF(Tableau32[[#This Row],[Date d''expiration ]]>TODAY()+31,"✅",IF(Tableau32[[#This Row],[Date d''expiration ]]> TODAY()+1, "⚠️","⛔️")) -> ⛔️ | G31: =MIN(T31,Y31,AB31) -> 46037 | H31: =IF( Tableau32[[#This Row],[Date d''expiration ]]>TODAY(),"Néant","Cas à justifier") -> Cas à justifier | I31: 30556 | J31: =YEARFRAC(I31,TODAY(),1) -> 43.025325 | K31: =YEARFRAC(I31,RG_DRH_S1_008!$E$4,1) -> 42.342926 | L31: =YEARFRAC(I31,RG_DRH_S1_008!$E$5,1) -> 43.342916 | M31: Encadrant Conduite Train | N31: DH400, DH350 | O31: Fès - Oujda | P31: 44966 | Q31: Apte classe 1 | R31: =YEARFRAC(I31,P31,1) -> 39.453088 | S31: =IF(L31<40,"4",IF(L31<50,"3",IF(L31<55,"2","1"))) -> 3 | T31: =EDATE(P31, (12*S31)) -> 46062 | U31: 45307 | V31: FAVORABLE MAINT | W31: =YEARFRAC(I31,U31,1) -> 40.384721 | X31: =IF(L31<40,"4",IF(L31<55,"3","1")) -> 3 | Y31: =EDATE(U31, (12*X31)) -> 46403 | Z31: 45306 | AA31: Réussi | AB31: =EDATE(Z31, 24) -> 46037 | AC31: 53 heures | AD31: 05h45min
B32: RACHIDI BOUBKER | C32: 43175Z | D32: Oujda | F32: =IF(Tableau32[[#This Row],[Date d''expiration ]]>TODAY()+31,"✅",IF(Tableau32[[#This Row],[Date d''expiration ]]> TODAY()+1, "⚠️","⛔️")) -> ✅ | G32: =MIN(T32,Y32,AB32) -> 46382 | H32: =IF( Tableau32[[#This Row],[Date d''expiration ]]>TODAY(),"Néant","Cas à justifier") -> Néant | I32: 32503 | J32: =YEARFRAC(I32,TODAY(),1) -> 37.694068 | K32: =YEARFRAC(I32,RG_DRH_S1_008!$E$4,1) -> 37.011671 | L32: =YEARFRAC(I32,RG_DRH_S1_008!$E$5,1) -> 38.011653 | M32: Encadrant Conduite Train | N32: DH400, DH350 | O32: Fès - Oujda | P32: 45695 | Q32: Apte classe 1 | R32: =YEARFRAC(I32,P32,1) -> 36.116427 | S32: =IF(L32<40,"4",IF(L32<50,"3",IF(L32<55,"2","1"))) -> 4 | T32: =EDATE(P32, (12*S32)) -> 47156 | U32: 44960 | V32: FAVORABLE MAINT | W32: =YEARFRAC(I32,U32,1) -> 34.105407 | X32: =IF(L32<40,"4",IF(L32<55,"3","1")) -> 4 | Y32: =EDATE(U32, (12*X32)) -> 46421 | Z32: 45652 | AA32: Date d'autorisation à la fonction | AB32: =EDATE(Z32, 24) -> 46382 | AC32: nouvellement autorisé | AD32: 11h09min
B33: BEN ABOU ABDELMOUNIM | C33: 43977D | D33: Kénitra | F33: =IF(Tableau3[[#This Row],[Date d''expiration ]]>TODAY()+31,"✅",IF(Tableau3[[#This Row],[Date d''expiration ]]> TODAY()+1, "⚠️","⛔️")) -> ✅ | G33: =MIN(T33,Y33,AB33) -> 46608 | H33: =IF( Tableau32[[#This Row],[Date d''expiration ]]>TODAY(),"Néant","Cas à justifier") -> Néant | I33: 33605 | J33: =YEARFRAC(I33,TODAY(),1) -> 34.67694 | K33: =YEARFRAC(I33,RG_DRH_S1_008!$E$4,1) -> 33.994525 | L33: =YEARFRAC(I33,RG_DRH_S1_008!$E$5,1) -> 34.994524 | M33: Conducteur de ligne | N33: E1450, E1400, Z2M, DH400 | O33: Fès - Casa, Casa-Kenitra, Casa-Tanger , Casa-Marrakech, Casa-Eljadida | P33: 45572 | Q33: Apte classe 1 | R33: =YEARFRAC(I33,P33,1) -> 32.761822 | S33: =IF(L33<40,"4",IF(L33<50,"3",IF(L33<55,IF(Tableau3[[#This Row],[Fonction]]="Conducteur de ligne","2","3"),"1"))) -> 4 | T33: =EDATE(P33, (12*S33)) -> 47033 | U33: 45147 | V33: FAVORABLE MAINT | W33: =YEARFRAC(I33,U33,1) -> 31.600274 | X33: =IF(L33<40,"4",IF(L33<55,"3",IF(Tableau3[[#This Row],[Fonction]]="conducteur de ligne","1","2"))) -> 4 | Y33: =EDATE(U33, (12*X33)) -> 46608
B34: ESSARSARI ZAKARIA | C34: 43975B | D34: Kénitra | F34: =IF(Tableau3[[#This Row],[Date d''expiration ]]>TODAY()+31,"✅",IF(Tableau3[[#This Row],[Date d''expiration ]]> TODAY()+1, "⚠️","⛔️")) -> ⛔️ | G34: =MIN(T34,Y34,AB34) -> 46586 | H34: =IF( Tableau32[[#This Row],[Date d''expiration ]]>TODAY(),"Néant","Cas à justifier") -> Néant | I34: 34554 | J34: =YEARFRAC(I34,TODAY(),1) -> 32.080063 | K34: =YEARFRAC(I34,RG_DRH_S1_008!$E$4,1) -> 31.397673 | L34: =YEARFRAC(I34,RG_DRH_S1_008!$E$5,1) -> 32.39766 | M34: Conducteur de ligne | N34: E1450, E1400, Z2M | O34: Casa-Kenitra, Casa-Tanger , Casa-Marrakech, Fès - Casa | P34: 45125 | Q34: Apte classe 1 | R34: =YEARFRAC(I34,P34,1) -> 28.943141 | S34: =IF(L34<40,"4",IF(L34<50,"3",IF(L34<55,IF(Tableau3[[#This Row],[Fonction]]="Conducteur de ligne","2","3"),"1"))) -> 4 | T34: =EDATE(P34, (12*S34)) -> 46586 | U34: 45155 | V34: FAVORABLE MAINT | W34: =YEARFRAC(I34,U34,1) -> 29.025281 | X34: =IF(L34<40,"4",IF(L34<55,"3",IF(Tableau3[[#This Row],[Fonction]]="conducteur de ligne","1","2"))) -> 4 | Y34: =EDATE(U34, (12*X34)) -> 46616
B35: BENHIDA KHALIL | C35: 43992X | D35: Kénitra | E35: 45904

Sheet Listing  VM
B2: MATRICULE | C2: NOM | D2: PRENOM | E2: RESIDENCE | F2: CENTRE EXAMEN | G2: CLASSE DE SECURITE | H2: DATE PREVUE | I2: NATURE EXAMEN
B3: 43379R | C3: ELMELHAOUY | D3: YASSINE | E3: CENTRE OPERATIONNEL ACTIVITES | F3: RABAT | G3: 1 | H3: 45662 | I3: MAINTIEN
B4: 40333P | C4: LIYAM | D4: HICHAM | E4: ANTENNE CONDUITE ET FORMATION PROXIMITE CASA PORT | F4: CASA VOYAGEURS | G4: 1 | H4: 45663 | I4: MAINTIEN
B5: 42694B | C5: AMRAOUI | D5: M'HAMMED | E5: ANTENNE CONDUITE ET FORMATION TC CASA VOYAGEURS | F5: CASA VOYAGEURS | G5: 1 | H5: 45664 | I5: MAINTIEN
B6: 40355R | C6: JOURYOU | D6: BOUCHAIB | E6: ANTENNE CONDUITE ET FORMATION GV TANGER | F6: RABAT | G6: 1 | H6: 45665 | I6: MAINTIEN
B7: 37804E | C7: ABOUNAIMA | D7: MOURAD | E7: ANTENNE CONDUITE ET FORMATION TC TANGER | F7: RABAT | G7: 1 | H7: 45665 | I7: MAINTIEN
B8: 85497G | C8: RAHIMI | D8: MOHAMED | E8: ANTENNE CONDUITE ET FORMATION GV TANGER | F8: RABAT | G8: 1 | H8: 45669 | I8: MAINTIEN
B9: 38181D | C9: BELAIDENE | D9: EL JILALI | E9: ANTENNE CONDUITE ET FORMATION TC OUJDA | F9: RABAT | G9: 1 | H9: 45669 | I9: MAINTIEN
B10: 85698X | C10: ABDI | D10: KAMAL | E10: ANTENNE CONDUITE ET FORMATION TC TANGER | F10: RABAT | G10: 2 | H10: 45673 | I10: MAINTIEN
B11: 43994Z | C11: MALLAKH | D11: MOUNIR | E11: ANTENNE CONDUITE ET FORMATION TC FES | F11: RABAT | G11: 1 | H11: 45676 | I11: MAINTIEN
B12: 85745C | C12: TAMMOUKH | D12: ABDERRAHIM | E12: ANTENNE CONDUITE ET FORMATION TC FES | F12: RABAT | G12: 1 | H12: 45676 | I12: MAINTIEN
B13: 43993Y | C13: EL FILALI LAMDAGHRI | D13: SOUFIANE | E13: ANTENNE CONDUITE ET FORMATION TC KENITRA | F13: RABAT | G13: 1 | H13: 45676 | I13: MAINTIEN
B14: 85748F | C14: BOUNOU | D14: ABDERRAFIE | E14: ANTENNE CONDUITE ET FORMATION TC FES | F14: RABAT | G14: 1 | H14: 45677 | I14: MAINTIEN
... B182: 39730Y | C182: BENGHACHEM | D182: MOHAMED | E182: ANTENNE CONDUITE ET FORMATION TC TANGER | F182: RABAT | G182: 1 | H182: 46002 | I182: MAINTIEN

Sheet Listing  Psy
B2: Organisation Mere | C2: Organisation | D2: Fonction | E2: Matricule | F2: Prenom | G2: Nom | H2: Date De Naissance | I2: Age SUM | J2: Classe | K2: Date Dernier Examen | L2: Resultat | M2: Prochaine visite
B3: ETABLISSEMENT PRODUCTION TC SUD | C3: ANTENNE CONDUITE ET FORMATION TC MARRAKECH | D3: CHEF DE TRAINS | E3: 85606L | F3: SAMIR | G3: RAFYQ | H3: 30864 | I3: 40.5 | J3: 1 | K3: 44351 | L3: Favorable | M3: 45660
B4: ETABLISSEMENT PRODUCTION TC NORD | C4: ANTENNE CONDUITE ET FORMATION PROXIMITE KENITRA | D4: CHEF DE TRAINS | E4: 36994P | F4: SAID | G4: DRIATE | H4: 24696 | I4: 57.4 | J4: 1 | K4: 44567 | L4: FAVORABLE MAINT | M4: 45663
B5: ETABLISSEMENT PRODUCTION TC NORD | C5: ANTENNE CONDUITE ET FORMATION TC OUJDA | D5: CONDUCTEUR DE LIGNE | E5: 38177Z | F5: KHALID | G5: LAAREJ | H5: 26085 | I5: 53.6 | J5: 1 | K5: 44571 | L5: FAVORABLE MAINT | M5: 45666
B6: ETABLISSEMENT PRODUCTION TC NORD | C6: ANTENNE CONDUITE ET FORMATION TC OUJDA | D6: CONDUCTEUR DE MANOEUVRE | E6: 85700Z | F6: RACHID | G6: YAZNASNI | H6: 29591 | I6: 43.99 | J6: 1 | K6: 44573 | L6: FAVORABLE MAINT | M6: 45668
B7: ETABLISSEMENT PRODUCTION TC SUD | C7: ANTENNE CONDUITE ET FORMATION TC MARRAKECH | D7: CHEF FORMATION TRAINS | E7: 45546X | F7: YOUSSEF | G7: BOUCHAHMA | H7: 34884 | I7: 29.49 | J7: 2 | K7: 43843 | L7: Favorable | M7: 45668
B8: ETABLISSEMENT PRODUCTION GV | C8: ANTENNE CONDUITE ET FORMATION GV TANGER | D8: CONDUCTEUR DE LIGNE GV | E8: 85497G | F8: MOHAMED | G8: RAHIMI | H8: 28758 | I8: 46.27 | J8: 1 | K8: 44574 | L8: FAVORABLE MAINT | M8: 45669
B9: ETABLISSEMENT PRODUCTION GV | C9: ANTENNE CONDUITE ET FORMATION GV TANGER | D9: CONDUCTEUR DE LIGNE GV | E9: 85446X | F9: MOHAMED | G9: TAIB | H9: 27576 | I9: 49.51 | J9: 1 | K9: 44574 | L9: FAVORABLE MAINT | M9: 45669
B10: ETABLISSEMENT PRODUCTION TC NORD | C10: ANTENNE CONDUITE ET FORMATION TC FES | D10: CHEF DE TRAINS | E10: 85745C | F10: ABDERRAHIM | G10: TAMMOUKH | H10: 33464 | I10: 33.38 | J10: 1 | K10: 44209 | L10: FAVORABLE MAINT | M10: 45669
B11: ETABLISSEMENT PRODUCTION TC NORD | C11: ANTENNE CONDUITE ET FORMATION TC OUJDA | D11: CONDUCTEUR DE MANOEUVRE | E11: 38181D | F11: EL JILALI | G11: BELAIDENE | H11: 26212 | I11: 53.25 | J11: 1 | K11: 44574 | L11: FAVORABLE MAINT | M11: 45669
B12: ETABLISSEMENT PRODUCTION TC NORD | C12: ANTENNE CONDUITE ET FORMATION TC FES | D12: CHEF FORMATION TRAINS | E12: 45558K | F12: HAMZA | G12: JEDDI | H12: 35776 | I12: 27.05 | J12: 2 | K12: 43847 | L12: Favorable | M12: 45672
B13: ETABLISSEMENT PRODUCTION GV | C13: ANTENNE CONDUITE ET FORMATION TC TANGER | D13: CHEF FORMATION TRAINS | E13: 85698X | F13: KAMAL | G13: ABDI | H13: 30714 | I13: 40.91 | J13: 2 | K13: 44340 | L13: FAVORABLE MAINT | M13: 45673
B14: ETABLISSEMENT PRODUCTION TC SUD | C14: ANTENNE CONDUITE ET FORMATION TC CASA VOYAGEURS | D14: CONDUCTEUR DE LIGNE | E14: 43723B | F14: HASSAN | G14: KARI | H14: 31034 | I14: 40.04 | J14: 1 | K14: 44365 | L14: FAVORABLE MAINT | M14: 45674
... B148: ETABLISSEMENT PRODUCTION TC NORD | C148: ANTENNE CONDUITE ET FORMATION TC FES | D148: CHEF DE TRAINS | E148: 85820R | F148: ELIBRAHIMY | G148: YASSINE | H148: 34245 | I148: 31.28 | J148: 1 | K148: 44405 | L148: FAVORABLE MAINT | M148: 45866
B149: ETABLISSEMENT PRODUCTION TC NORD | C149: ANTENNE CONDUITE ET FORMATION TC FES | D149: CHEF DE TRAINS | E149: 85821S | F149: DANDAN | G149: ABDELKRIM | H149: 34470 | I149: 30.67 | J149: 1 | K149: 44405 | L149: FAVORABLE MAINT | M149: 45866
B150: ETABLISSEMENT PRODUCTION TC SUD | C150: ANTENNE CONDUITE ET FORMATION PROXIMITE CASA PORT | D150: CONDUCTEUR DE LIGNE MONITEUR | E150: 39678K | F150: ABDALLAH | G150: BAYA | H150: 24656 | I150: 57.51 | J150: 1 | K150: 45502 | L150: FAVORABLE MAINT | M150: 45867
B151: ETABLISSEMENT PRODUCTION TC NORD | C151: ANTENNE CONDUITE ET FORMATION TC FES | D151: CHEF DE TRAINS | E151: 85826Z | F151: EL KHABBOUTI | G151: OTMANE | H151: 34780 | I151: 29.82 | J151: 1 | K151: 44406 | L151: FAVORABLE MAINT | M151: 45867
B152: ETABLISSEMENT PRODUCTION TC NORD | C152: ANTENNE CONDUITE ET FORMATION PROXIMITE KENITRA | D152: CONDUCTEUR DE LIGNE | E152: 33859H | F152: ABDESLAM | G152: LAKHAL | H152: 23909 | I152: 59.56 | J152: 1 | K152: 45505 | L152: FAVORABLE MAINT | M152: 45870
B153: ETABLISSEMENT PRODUCTION TC NORD | C153: ANTENNE CONDUITE ET FORMATION TC KENITRA | D153: CHEF DE TRAINS | E153: 45857R | F153: OMAR | G153: ELFANDI | H153: 36111 | I153: 26.13 | J153: 1 | K153: 44410 | L153: Favorable | M153: 45870
B154: ETABLISSEMENT PRODUCTION TC NORD | C154: ANTENNE CONDUITE ET FORMATION TC KENITRA | D154: CHEF DE TRAINS | E154: 45855N | F154: ACHRAF | G154: EL OTMANI | H154: 35896 | I154: 26.72 | J154: 1 | K154: 44410 | L154: Favorable | M154: 45870
B155: ETABLISSEMENT PRODUCTION TC NORD | C155: ANTENNE CONDUITE ET FORMATION TC KENITRA | D155: CHEF DE TRAINS | E155: 45854M | F155: MOHAMMED | G155: EL KHAYATI | H155: 35833 | I155: 26.89 | J155: 1 | K155: 44410 | L155: Favorable | M155: 45870
B156: ETABLISSEMENT PRODUCTION TC SUD | C156: ANTENNE CONDUITE ET FORMATION TC CASA VOYAGEURS | D156: CONDUCTEUR DE LIGNE | E156: 43680A | F156: ANAS | G156: BOUKHAL | H156: 33867 | I156: 32.28 | J156: 1 | K156: 44410 | L156: FAVORABLE MAINT | M156: 45870
B157: ETABLISSEMENT PRODUCTION TC SUD | C157: ANTENNE CONDUITE ET FORMATION TC CASA VOYAGEURS | D157: CONDUCTEUR DE MANOEUVRE | E157: 45863Z | F157: YOUNES | G157: FENNIRI | H157: 35507 | I157: 27.78 | J157: 1 | K157: 44411 | L157: Favorable | M157: 45871
B158: ETABLISSEMENT PRODUCTION TC NORD | C158: ANTENNE CONDUITE ET FORMATION TC KENITRA | D158: CHEF DE TRAINS | E158: 45870G | F158: YASSINE | G158: IBNO-EL FATA | H158: 36778 | I158: 24.3 | J158: 1 | K158: 44412 | L158: Favorable | M158: 45872
B159: ETABLISSEMENT PRODUCTION TC NORD | C159: ANTENNE CONDUITE ET FORMATION TC KENITRA | D159: CHEF DE TRAINS | E159: 45875M | F159: ABDOLMONAIM | G159: KAROUA | H159: 36579 | I159: 24.85 | J159: 1 | K159: 44412 | L159: Favorable | M159: 45872
B160: ETABLISSEMENT PRODUCTION TC NORD | C160: ANTENNE CONDUITE ET FORMATION TC NADOR | D160: CONDUCTEUR DE MANOEUVRE | E160: 45869F | F160: MOHAMED | G160: HSSAINE | H160: 35636 | I160: 27.43 | J160: 1 | K160: 44412 | L160: Favorable | M160: 45872
B161: ETABLISSEMENT PRODUCTION TC SUD | C161: ANTENNE CONDUITE ET FORMATION TC MARRAKECH | D161: CHEF DE TRAINS | E161: 45874L | F161: MOHAMMED | G161: JRIRI | H161: 36437 | I161: 25.23 | J161: 1 | K161: 44412 | L161: Favorable | M161: 45872
... B228: ETABLISSEMENT PRODUCTION GV | C228: ANTENNE CONDUITE ET FORMATION TC TANGER | D228: CONDUCTEUR DE LIGNE MONITEUR | E228: 39730Y | F228: MOHAMED | G228: BENGHACHEM | H228: 24654 | I228: 57.52 | J228: 1 | K228: 45635 | L228: FAVORABLE MAINT | M228: 46000

Sheet RG_DRH_S1_008
A1: #VALUE!
E4: 46022
E5: 46387
